Div,Date,HomeTeam,AwayTeam,FTHG,FTAG,FTR
E0,05/08/2022,Crystal Palace,Arsenal,0,2,A
E0,06/08/2022,Fulham,Liverpool,2,2,D
E0,06/08/2022,Bournemouth,Aston Villa,2,0,H
E0,06/08/2022,Leeds,Wolves,2,1,H
E0,06/08/2022,Newcastle,Nott'm Forest,2,0,H
E0,06/08/2022,Tottenham,Southampton,4,1,H
E0,06/08/2022,Everton,Chelsea,0,1,A
E0,07/08/2022,Leicester,Brentford,2,2,D
E0,07/08/2022,Man United,Brighton,1,2,A
E0,07/08/2022,West Ham,Man City,0,2,A
E0,13/08/2022,Aston Villa,Everton,2,1,H
E0,13/08/2022,Arsenal,Leicester,4,2,H
E0,13/08/2022,Brighton,Newcastle,0,0,D
E0,13/08/2022,Man City,Bournemouth,4,0,H
E0,13/08/2022,Southampton,Leeds,2,2,D
E0,13/08/2022,Wolves,Fulham,0,0,D
E0,13/08/2022,Brentford,Man United,4,0,H
E0,14/08/2022,Nott'm Forest,West Ham,1,0,H
E0,14/08/2022,Chelsea,Tottenham,2,2,D
E0,15/08/2022,Liverpool,Crystal Palace,1,1,D
E0,20/08/2022,Tottenham,Wolves,1,0,H
E0,20/08/2022,Crystal Palace,Aston Villa,3,1,H
E0,20/08/2022,Everton,Nott'm Forest,1,1,D
E0,20/08/2022,Fulham,Brentford,3,2,H
E0,20/08/2022,Leicester,Southampton,1,2,A
E0,20/08/2022,Bournemouth,Arsenal,0,3,A
E0,21/08/2022,Leeds,Chelsea,3,0,H
E0,21/08/2022,West Ham,Brighton,0,2,A
E0,21/08/2022,Newcastle,Man City,3,3,D
E0,22/08/2022,Man United,Liverpool,2,1,H
E0,27/08/2022,Southampton,Man United,0,1,A
E0,27/08/2022,Brentford,Everton,1,1,D
E0,27/08/2022,Brighton,Leeds,1,0,H
E0,27/08/2022,Chelsea,Leicester,2,1,H
E0,27/08/2022,Liverpool,Bournemouth,9,0,H
E0,27/08/2022,Man City,Crystal Palace,4,2,H
E0,27/08/2022,Arsenal,Fulham,2,1,H
E0,28/08/2022,Aston Villa,West Ham,0,1,A
E0,28/08/2022,Wolves,Newcastle,1,1,D
E0,28/08/2022,Nott'm Forest,Tottenham,0,2,A
E0,30/08/2022,Crystal Palace,Brentford,1,1,D
E0,30/08/2022,Fulham,Brighton,2,1,H
E0,30/08/2022,Southampton,Chelsea,2,1,H
E0,30/08/2022,Leeds,Everton,1,1,D
E0,31/08/2022,Arsenal,Aston Villa,2,1,H
E0,31/08/2022,Bournemouth,Wolves,0,0,D
E0,31/08/2022,Man City,Nott'm Forest,6,0,H
E0,31/08/2022,West Ham,Tottenham,1,1,D
E0,31/08/2022,Liverpool,Newcastle,2,1,H
E0,01/09/2022,Leicester,Man United,0,1,A
E0,03/09/2022,Everton,Liverpool,0,0,D
E0,03/09/2022,Brentford,Leeds,5,2,H
E0,03/09/2022,Chelsea,West Ham,2,1,H
E0,03/09/2022,Newcastle,Crystal Palace,0,0,D
E0,03/09/2022,Nott'm Forest,Bournemouth,2,3,A
E0,03/09/2022,Tottenham,Fulham,2,1,H
E0,03/09/2022,Wolves,Southampton,1,0,H
E0,03/09/2022,Aston Villa,Man City,1,1,D
E0,04/09/2022,Brighton,Leicester,5,2,H
E0,04/09/2022,Man United,Arsenal,3,1,H
E0,16/09/2022,Aston Villa,Southampton,1,0,H
E0,16/09/2022,Nott'm Forest,Fulham,2,3,A
E0,17/09/2022,Wolves,Man City,0,3,A
E0,17/09/2022,Newcastle,Bournemouth,1,1,D
E0,17/09/2022,Tottenham,Leicester,6,2,H
E0,18/09/2022,Brentford,Arsenal,0,3,A
E0,18/09/2022,Everton,West Ham,1,0,H
E0,01/10/2022,Arsenal,Tottenham,3,1,H
E0,01/10/2022,Bournemouth,Brentford,0,0,D
E0,01/10/2022,Crystal Palace,Chelsea,1,2,A
E0,01/10/2022,Fulham,Newcastle,1,4,A
E0,01/10/2022,Liverpool,Brighton,3,3,D
E0,01/10/2022,Southampton,Everton,1,2,A
E0,01/10/2022,West Ham,Wolves,2,0,H
E0,02/10/2022,Man City,Man United,6,3,H
E0,02/10/2022,Leeds,Aston Villa,0,0,D
E0,03/10/2022,Leicester,Nott'm Forest,4,0,H
E0,08/10/2022,Bournemouth,Leicester,2,1,H
E0,08/10/2022,Chelsea,Wolves,3,0,H
E0,08/10/2022,Man City,Southampton,4,0,H
E0,08/10/2022,Newcastle,Brentford,5,1,H
E0,08/10/2022,Brighton,Tottenham,0,1,A
E0,09/10/2022,Crystal Palace,Leeds,2,1,H
E0,09/10/2022,West Ham,Fulham,3,1,H
E0,09/10/2022,Arsenal,Liverpool,3,2,H
E0,09/10/2022,Everton,Man United,1,2,A
E0,10/10/2022,Nott'm Forest,Aston Villa,1,1,D
E0,14/10/2022,Brentford,Brighton,2,0,H
E0,15/10/2022,Leicester,Crystal Palace,0,0,D
E0,15/10/2022,Fulham,Bournemouth,2,2,D
E0,15/10/2022,Wolves,Nott'm Forest,1,0,H
E0,15/10/2022,Tottenham,Everton,2,0,H
E0,16/10/2022,Aston Villa,Chelsea,0,2,A
E0,16/10/2022,Leeds,Arsenal,0,1,A
E0,16/10/2022,Man United,Newcastle,0,0,D
E0,16/10/2022,Southampton,West Ham,1,1,D
E0,16/10/2022,Liverpool,Man City,1,0,H
E0,18/10/2022,Brighton,Nott'm Forest,0,0,D
E0,18/10/2022,Crystal Palace,Wolves,2,1,H
E0,19/10/2022,Bournemouth,Southampton,0,1,A
E0,19/10/2022,Brentford,Chelsea,0,0,D
E0,19/10/2022,Liverpool,West Ham,1,0,H
E0,19/10/2022,Newcastle,Everton,1,0,H
E0,19/10/2022,Man United,Tottenham,2,0,H
E0,20/10/2022,Fulham,Aston Villa,3,0,H
E0,20/10/2022,Leicester,Leeds,2,0,H
E0,22/10/2022,Nott'm Forest,Liverpool,1,0,H
E0,22/10/2022,Everton,Crystal Palace,3,0,H
E0,22/10/2022,Man City,Brighton,3,1,H
E0,22/10/2022,Chelsea,Man United,1,1,D
E0,23/10/2022,Aston Villa,Brentford,4,0,H
E0,23/10/2022,Leeds,Fulham,2,3,A
E0,23/10/2022,Southampton,Arsenal,1,1,D
E0,23/10/2022,Wolves,Leicester,0,4,A
E0,23/10/2022,Tottenham,Newcastle,1,2,A
E0,24/10/2022,West Ham,Bournemouth,2,0,H
E0,29/10/2022,Leicester,Man City,0,1,A
E0,29/10/2022,Bournemouth,Tottenham,2,3,A
E0,29/10/2022,Brentford,Wolves,1,1,D
E0,29/10/2022,Brighton,Chelsea,4,1,H
E0,29/10/2022,Crystal Palace,Southampton,1,0,H
E0,29/10/2022,Newcastle,Aston Villa,4,0,H
E0,29/10/2022,Fulham,Everton,0,0,D
E0,29/10/2022,Liverpool,Leeds,1,2,A
E0,30/10/2022,Arsenal,Nott'm Forest,5,0,H
E0,30/10/2022,Man United,West Ham,1,0,H
E0,05/11/2022,Leeds,Bournemouth,4,3,H
E0,05/11/2022,Man City,Fulham,2,1,H
E0,05/11/2022,Nott'm Forest,Brentford,2,2,D
E0,05/11/2022,Wolves,Brighton,2,3,A
E0,05/11/2022,Everton,Leicester,0,2,A
E0,06/11/2022,Chelsea,Arsenal,0,1,A
E0,06/11/2022,Aston Villa,Man United,3,1,H
E0,06/11/2022,Southampton,Newcastle,1,4,A
E0,06/11/2022,West Ham,Crystal Palace,1,2,A
E0,06/11/2022,Tottenham,Liverpool,1,2,A
E0,12/11/2022,Man City,Brentford,1,2,A
E0,12/11/2022,Bournemouth,Everton,3,0,H
E0,12/11/2022,Liverpool,Southampton,3,1,H
E0,12/11/2022,Nott'm Forest,Crystal Palace,1,0,H
E0,12/11/2022,Tottenham,Leeds,4,3,H
E0,12/11/2022,West Ham,Leicester,0,2,A
E0,12/11/2022,Newcastle,Chelsea,1,0,H
E0,12/11/2022,Wolves,Arsenal,0,2,A
E0,13/11/2022,Brighton,Aston Villa,1,2,A
E0,13/11/2022,Fulham,Man United,1,2,A
E0,26/12/2022,Brentford,Tottenham,2,2,D
E0,26/12/2022,Crystal Palace,Fulham,0,3,A
E0,26/12/2022,Everton,Wolves,1,2,A
E0,26/12/2022,Leicester,Newcastle,0,3,A
E0,26/12/2022,Southampton,Brighton,1,3,A
E0,26/12/2022,Aston Villa,Liverpool,1,3,A
E0,26/12/2022,Arsenal,West Ham,3,1,H
E0,27/12/2022,Chelsea,Bournemouth,2,0,H
E0,27/12/2022,Man United,Nott'm Forest,3,0,H
E0,28/12/2022,Leeds,Man City,1,3,A
E0,30/12/2022,West Ham,Brentford,0,2,A
E0,30/12/2022,Liverpool,Leicester,2,1,H
E0,31/12/2022,Wolves,Man United,0,1,A
E0,31/12/2022,Bournemouth,Crystal Palace,0,2,A
E0,31/12/2022,Fulham,Southampton,2,1,H
E0,31/12/2022,Man City,Everton,1,1,D
E0,31/12/2022,Newcastle,Leeds,0,0,D
E0,31/12/2022,Brighton,Arsenal,2,4,A
E0,01/01/2023,Tottenham,Aston Villa,0,2,A
E0,01/01/2023,Nott'm Forest,Chelsea,1,1,D
E0,02/01/2023,Brentford,Liverpool,3,1,H
E0,03/01/2023,Arsenal,Newcastle,0,0,D
E0,03/01/2023,Everton,Brighton,1,4,A
E0,03/01/2023,Leicester,Fulham,0,1,A
E0,03/01/2023,Man United,Bournemouth,3,0,H
E0,04/01/2023,Southampton,Nott'm Forest,0,1,A
E0,04/01/2023,Leeds,West Ham,2,2,D
E0,04/01/2023,Aston Villa,Wolves,1,1,D
E0,04/01/2023,Crystal Palace,Tottenham,0,4,A
E0,05/01/2023,Chelsea,Man City,0,1,A
E0,12/01/2023,Fulham,Chelsea,2,1,H
E0,13/01/2023,Aston Villa,Leeds,2,1,H
E0,14/01/2023,Man United,Man City,2,1,H
E0,14/01/2023,Brighton,Liverpool,3,0,H
E0,14/01/2023,Everton,Southampton,1,2,A
E0,14/01/2023,Nott'm Forest,Leicester,2,0,H
E0,14/01/2023,Wolves,West Ham,1,0,H
E0,14/01/2023,Brentford,Bournemouth,2,0,H
E0,15/01/2023,Chelsea,Crystal Palace,1,0,H
E0,15/01/2023,Newcastle,Fulham,1,0,H
E0,15/01/2023,Tottenham,Arsenal,0,2,A
E0,18/01/2023,Crystal Palace,Man United,1,1,D
E0,19/01/2023,Man City,Tottenham,4,2,H
E0,21/01/2023,Liverpool,Chelsea,0,0,D
E0,21/01/2023,Bournemouth,Nott'm Forest,1,1,D
E0,21/01/2023,Leicester,Brighton,2,2,D
E0,21/01/2023,Southampton,Aston Villa,0,1,A
E0,21/01/2023,West Ham,Everton,2,0,H
E0,21/01/2023,Crystal Palace,Newcastle,0,0,D
E0,22/01/2023,Leeds,Brentford,0,0,D
E0,22/01/2023,Man City,Wolves,3,0,H
E0,22/01/2023,Arsenal,Man United,3,2,H
E0,23/01/2023,Fulham,Tottenham,0,1,A
E0,03/02/2023,Chelsea,Fulham,0,0,D
E0,04/02/2023,Everton,Arsenal,1,0,H
E0,04/02/2023,Aston Villa,Leicester,2,4,A
E0,04/02/2023,Brentford,Southampton,3,0,H
E0,04/02/2023,Brighton,Bournemouth,1,0,H
E0,04/02/2023,Man United,Crystal Palace,2,1,H
E0,04/02/2023,Wolves,Liverpool,3,0,H
E0,04/02/2023,Newcastle,West Ham,1,1,D
E0,05/02/2023,Nott'm Forest,Leeds,1,0,H
E0,05/02/2023,Tottenham,Man City,1,0,H
E0,08/02/2023,Man United,Leeds,2,2,D
E0,11/02/2023,West Ham,Chelsea,1,1,D
E0,11/02/2023,Arsenal,Brentford,1,1,D
E0,11/02/2023,Crystal Palace,Brighton,1,1,D
E0,11/02/2023,Fulham,Nott'm Forest,2,0,H
E0,11/02/2023,Leicester,Tottenham,4,1,H
E0,11/02/2023,Southampton,Wolves,1,2,A
E0,11/02/2023,Bournemouth,Newcastle,1,1,D
E0,12/02/2023,Leeds,Man United,0,2,A
E0,12/02/2023,Man City,Aston Villa,3,1,H
E0,13/02/2023,Liverpool,Everton,2,0,H
E0,15/02/2023,Arsenal,Man City,1,3,A
E0,18/02/2023,Aston Villa,Arsenal,2,4,A
E0,18/02/2023,Brentford,Crystal Palace,1,1,D
E0,18/02/2023,Brighton,Fulham,0,1,A
E0,18/02/2023,Chelsea,Southampton,0,1,A
E0,18/02/2023,Everton,Leeds,1,0,H
E0,18/02/2023,Nott'm Forest,Man City,1,1,D
E0,18/02/2023,Wolves,Bournemouth,0,1,A
E0,18/02/2023,Newcastle,Liverpool,0,2,A
E0,19/02/2023,Man United,Leicester,3,0,H
E0,19/02/2023,Tottenham,West Ham,2,0,H
E0,24/02/2023,Fulham,Wolves,1,1,D
E0,25/02/2023,Everton,Aston Villa,0,2,A
E0,25/02/2023,Leeds,Southampton,1,0,H
E0,25/02/2023,Leicester,Arsenal,0,1,A
E0,25/02/2023,West Ham,Nott'm Forest,4,0,H
E0,25/02/2023,Bournemouth,Man City,1,4,A
E0,25/02/2023,Crystal Palace,Liverpool,0,0,D
E0,26/02/2023,Tottenham,Chelsea,2,0,H
E0,01/03/2023,Arsenal,Everton,4,0,H
E0,01/03/2023,Liverpool,Wolves,2,0,H
E0,04/03/2023,Man City,Newcastle,2,0,H
E0,04/03/2023,Arsenal,Bournemouth,3,2,H
E0,04/03/2023,Aston Villa,Crystal Palace,1,0,H
E0,04/03/2023,Brighton,West Ham,4,0,H
E0,04/03/2023,Chelsea,Leeds,1,0,H
E0,04/03/2023,Wolves,Tottenham,1,0,H
E0,04/03/2023,Southampton,Leicester,1,0,H
E0,05/03/2023,Nott'm Forest,Everton,2,2,D
E0,05/03/2023,Liverpool,Man United,7,0,H
E0,06/03/2023,Brentford,Fulham,3,2,H
E0,11/03/2023,Bournemouth,Liverpool,1,0,H
E0,11/03/2023,Everton,Brentford,1,0,H
E0,11/03/2023,Leeds,Brighton,2,2,D
E0,11/03/2023,Leicester,Chelsea,1,3,A
E0,11/03/2023,Tottenham,Nott'm Forest,3,1,H
E0,11/03/2023,Crystal Palace,Man City,0,1,A
E0,12/03/2023,Fulham,Arsenal,0,3,A
E0,12/03/2023,Man United,Southampton,0,0,D
E0,12/03/2023,West Ham,Aston Villa,1,1,D
E0,12/03/2023,Newcastle,Wolves,2,1,H
E0,15/03/2023,Brighton,Crystal Palace,1,0,H
E0,15/03/2023,Southampton,Brentford,0,2,A
E0,17/03/2023,Nott'm Forest,Newcastle,1,2,A
E0,18/03/2023,Aston Villa,Bournemouth,3,0,H
E0,18/03/2023,Brentford,Leicester,1,1,D
E0,18/03/2023,Southampton,Tottenham,3,3,D
E0,18/03/2023,Wolves,Leeds,2,4,A
E0,18/03/2023,Chelsea,Everton,2,2,D
E0,19/03/2023,Arsenal,Crystal Palace,4,1,H
E0,01/04/2023,Man City,Liverpool,4,1,H
E0,01/04/2023,Arsenal,Leeds,4,1,H
E0,01/04/2023,Bournemouth,Fulham,2,1,H
E0,01/04/2023,Brighton,Brentford,3,3,D
E0,01/04/2023,Crystal Palace,Leicester,2,1,H
E0,01/04/2023,Nott'm Forest,Wolves,1,1,D
E0,01/04/2023,Chelsea,Aston Villa,0,2,A
E0,02/04/2023,West Ham,Southampton,1,0,H
E0,02/04/2023,Newcastle,Man United,2,0,H
E0,03/04/2023,Everton,Tottenham,1,1,D
E0,04/04/2023,Bournemouth,Brighton,0,2,A
E0,04/04/2023,Leeds,Nott'm Forest,2,1,H
E0,04/04/2023,Leicester,Aston Villa,1,2,A
E0,04/04/2023,Chelsea,Liverpool,0,0,D
E0,05/04/2023,Man United,Brentford,1,0,H
E0,05/04/2023,West Ham,Newcastle,1,5,A
E0,08/04/2023,Man United,Everton,2,0,H
E0,08/04/2023,Aston Villa,Nott'm Forest,2,0,H
E0,08/04/2023,Brentford,Newcastle,1,2,A
E0,08/04/2023,Fulham,West Ham,0,1,A
E0,08/04/2023,Leicester,Bournemouth,0,1,A
E0,08/04/2023,Tottenham,Brighton,2,1,H
E0,08/04/2023,Wolves,Chelsea,1,0,H
E0,08/04/2023,Southampton,Man City,1,4,A
E0,09/04/2023,Leeds,Crystal Palace,1,5,A
E0,09/04/2023,Liverpool,Arsenal,2,2,D
E0,15/04/2023,Aston Villa,Newcastle,3,0,H
E0,15/04/2023,Chelsea,Brighton,1,2,A
E0,15/04/2023,Everton,Fulham,1,3,A
E0,15/04/2023,Southampton,Crystal Palace,0,2,A
E0,15/04/2023,Tottenham,Bournemouth,2,3,A
E0,15/04/2023,Wolves,Brentford,2,0,H
E0,15/04/2023,Man City,Leicester,3,1,H
E0,16/04/2023,West Ham,Arsenal,2,2,D
E0,16/04/2023,Nott'm Forest,Man United,0,2,A
E0,17/04/2023,Leeds,Liverpool,1,6,A
E0,21/04/2023,Arsenal,Southampton,3,3,D
E0,22/04/2023,Fulham,Leeds,2,1,H
E0,22/04/2023,Brentford,Aston Villa,1,1,D
E0,22/04/2023,Crystal Palace,Everton,0,0,D
E0,22/04/2023,Leicester,Wolves,2,1,H
E0,22/04/2023,Liverpool,Nott'm Forest,3,2,H
E0,23/04/2023,Bournemouth,West Ham,0,4,A
E0,23/04/2023,Newcastle,Tottenham,6,1,H
E0,25/04/2023,Wolves,Crystal Palace,2,0,H
E0,25/04/2023,Aston Villa,Fulham,1,0,H
E0,25/04/2023,Leeds,Leicester,1,1,D
E0,26/04/2023,Nott'm Forest,Brighton,3,1,H
E0,26/04/2023,Chelsea,Brentford,0,2,A
E0,26/04/2023,West Ham,Liverpool,1,2,A
E0,26/04/2023,Man City,Arsenal,4,1,H
E0,27/04/2023,Everton,Newcastle,1,4,A
E0,27/04/2023,Southampton,Bournemouth,0,1,A
E0,27/04/2023,Tottenham,Man United,2,2,D
E0,29/04/2023,Crystal Palace,West Ham,4,3,H
E0,29/04/2023,Brentford,Nott'm Forest,2,1,H
E0,29/04/2023,Brighton,Wolves,6,0,H
E0,30/04/2023,Bournemouth,Leeds,4,1,H
E0,30/04/2023,Fulham,Man City,1,2,A
E0,30/04/2023,Man United,Aston Villa,1,0,H
E0,30/04/2023,Newcastle,Southampton,3,1,H
E0,30/04/2023,Liverpool,Tottenham,4,3,H
E0,01/05/2023,Leicester,Everton,2,2,D
E0,02/05/2023,Arsenal,Chelsea,3,1,H
E0,03/05/2023,Liverpool,Fulham,1,0,H
E0,03/05/2023,Man City,West Ham,3,0,H
E0,04/05/2023,Brighton,Man United,1,0,H
E0,06/05/2023,Bournemouth,Chelsea,1,3,A
E0,06/05/2023,Man City,Leeds,2,1,H
E0,06/05/2023,Tottenham,Crystal Palace,1,0,H
E0,06/05/2023,Wolves,Aston Villa,1,0,H
E0,06/05/2023,Liverpool,Brentford,1,0,H
E0,07/05/2023,Newcastle,Arsenal,0,2,A
E0,07/05/2023,West Ham,Man United,1,0,H
E0,08/05/2023,Fulham,Leicester,5,3,H
E0,08/05/2023,Brighton,Everton,1,5,A
E0,08/05/2023,Nott'm Forest,Southampton,4,3,H
E0,13/05/2023,Leeds,Newcastle,2,2,D
E0,13/05/2023,Aston Villa,Tottenham,2,1,H
E0,13/05/2023,Chelsea,Nott'm Forest,2,2,D
E0,13/05/2023,Crystal Palace,Bournemouth,2,0,H
E0,13/05/2023,Man United,Wolves,2,0,H
E0,13/05/2023,Southampton,Fulham,0,2,A
E0,14/05/2023,Brentford,West Ham,2,0,H
E0,14/05/2023,Everton,Man City,0,3,A
E0,14/05/2023,Arsenal,Brighton,0,3,A
E0,15/05/2023,Leicester,Liverpool,0,3,A
E0,18/05/2023,Newcastle,Brighton,4,1,H
E0,20/05/2023,Tottenham,Brentford,1,3,A
E0,20/05/2023,Bournemouth,Man United,0,1,A
E0,20/05/2023,Fulham,Crystal Palace,2,2,D
E0,20/05/2023,Liverpool,Aston Villa,1,1,D
E0,20/05/2023,Wolves,Everton,1,1,D
E0,20/05/2023,Nott'm Forest,Arsenal,1,0,H
E0,21/05/2023,West Ham,Leeds,3,1,H
E0,21/05/2023,Brighton,Southampton,3,1,H
E0,21/05/2023,Man City,Chelsea,1,0,H
E0,22/05/2023,Newcastle,Leicester,0,0,D
E0,24/05/2023,Brighton,Man City,1,1,D
E0,25/05/2023,Man United,Chelsea,4,1,H
E0,28/05/2023,Arsenal,Wolves,5,0,H
E0,28/05/2023,Aston Villa,Brighton,2,1,H
E0,28/05/2023,Brentford,Man City,1,0,H
E0,28/05/2023,Chelsea,Newcastle,1,1,D
E0,28/05/2023,Crystal Palace,Nott'm Forest,1,1,D
E0,28/05/2023,Everton,Bournemouth,1,0,H
E0,28/05/2023,Leeds,Tottenham,1,4,A
E0,28/05/2023,Leicester,West Ham,2,1,H
E0,28/05/2023,Man United,Fulham,2,1,H
E0,28/05/2023,Southampton,Liverpool,4,4,D
E0,13/08/2021,Brentford,Arsenal,2,0,H
E0,14/08/2021,Man United,Leeds,5,1,H
E0,14/08/2021,Burnley,Brighton,1,2,A
E0,14/08/2021,Chelsea,Crystal Palace,3,0,H
E0,14/08/2021,Everton,Southampton,3,1,H
E0,14/08/2021,Leicester,Wolves,1,0,H
E0,14/08/2021,Watford,Aston Villa,3,2,H
E0,14/08/2021,Norwich,Liverpool,0,3,A
E0,15/08/2021,Newcastle,West Ham,2,4,A
E0,15/08/2021,Tottenham,Man City,1,0,H
E0,21/08/2021,Liverpool,Burnley,2,0,H
E0,21/08/2021,Aston Villa,Newcastle,2,0,H
E0,21/08/2021,Crystal Palace,Brentford,0,0,D
E0,21/08/2021,Leeds,Everton,2,2,D
E0,21/08/2021,Man City,Norwich,5,0,H
E0,21/08/2021,Brighton,Watford,2,0,H
E0,22/08/2021,Southampton,Man United,1,1,D
E0,22/08/2021,Wolves,Tottenham,0,1,A
E0,22/08/2021,Arsenal,Chelsea,0,2,A
E0,23/08/2021,West Ham,Leicester,4,1,H
E0,28/08/2021,Man City,Arsenal,5,0,H
E0,28/08/2021,Aston Villa,Brentford,1,1,D
E0,28/08/2021,Brighton,Everton,0,2,A
E0,28/08/2021,Newcastle,Southampton,2,2,D
E0,28/08/2021,Norwich,Leicester,1,2,A
E0,28/08/2021,West Ham,Crystal Palace,2,2,D
E0,28/08/2021,Liverpool,Chelsea,1,1,D
E0,29/08/2021,Burnley,Leeds,1,1,D
E0,29/08/2021,Tottenham,Watford,1,0,H
E0,29/08/2021,Wolves,Man United,0,1,A
E0,11/09/2021,Crystal Palace,Tottenham,3,0,H
E0,11/09/2021,Arsenal,Norwich,1,0,H
E0,11/09/2021,Brentford,Brighton,0,1,A
E0,11/09/2021,Leicester,Man City,0,1,A
E0,11/09/2021,Man United,Newcastle,4,1,H
E0,11/09/2021,Southampton,West Ham,0,0,D
E0,11/09/2021,Watford,Wolves,0,2,A
E0,11/09/2021,Chelsea,Aston Villa,3,0,H
E0,12/09/2021,Leeds,Liverpool,0,3,A
E0,13/09/2021,Everton,Burnley,3,1,H
E0,17/09/2021,Newcastle,Leeds,1,1,D
E0,18/09/2021,Wolves,Brentford,0,2,A
E0,18/09/2021,Burnley,Arsenal,0,1,A
E0,18/09/2021,Liverpool,Crystal Palace,3,0,H
E0,18/09/2021,Man City,Southampton,0,0,D
E0,18/09/2021,Norwich,Watford,1,3,A
E0,18/09/2021,Aston Villa,Everton,3,0,H
E0,19/09/2021,Brighton,Leicester,2,1,H
E0,19/09/2021,West Ham,Man United,1,2,A
E0,19/09/2021,Tottenham,Chelsea,0,3,A
E0,25/09/2021,Chelsea,Man City,0,1,A
E0,25/09/2021,Man United,Aston Villa,0,1,A
E0,25/09/2021,Everton,Norwich,2,0,H
E0,25/09/2021,Leeds,West Ham,1,2,A
E0,25/09/2021,Leicester,Burnley,2,2,D
E0,25/09/2021,Watford,Newcastle,1,1,D
E0,25/09/2021,Brentford,Liverpool,3,3,D
E0,26/09/2021,Southampton,Wolves,0,1,A
E0,26/09/2021,Arsenal,Tottenham,3,1,H
E0,27/09/2021,Crystal Palace,Brighton,1,1,D
E0,02/10/2021,Man United,Everton,1,1,D
E0,02/10/2021,Burnley,Norwich,0,0,D
E0,02/10/2021,Chelsea,Southampton,3,1,H
E0,02/10/2021,Leeds,Watford,1,0,H
E0,02/10/2021,Wolves,Newcastle,2,1,H
E0,02/10/2021,Brighton,Arsenal,0,0,D
E0,03/10/2021,Crystal Palace,Leicester,2,2,D
E0,03/10/2021,Tottenham,Aston Villa,2,1,H
E0,03/10/2021,West Ham,Brentford,1,2,A
E0,03/10/2021,Liverpool,Man City,2,2,D
E0,16/10/2021,Watford,Liverpool,0,5,A
E0,16/10/2021,Aston Villa,Wolves,2,3,A
E0,16/10/2021,Leicester,Man United,4,2,H
E0,16/10/2021,Man City,Burnley,2,0,H
E0,16/10/2021,Norwich,Brighton,0,0,D
E0,16/10/2021,Southampton,Leeds,1,0,H
E0,16/10/2021,Brentford,Chelsea,0,1,A
E0,17/10/2021,Everton,West Ham,0,1,A
E0,17/10/2021,Newcastle,Tottenham,2,3,A
E0,18/10/2021,Arsenal,Crystal Palace,2,2,D
E0,22/10/2021,Arsenal,Aston Villa,3,1,H
E0,23/10/2021,Chelsea,Norwich,7,0,H
E0,23/10/2021,Crystal Palace,Newcastle,1,1,D
E0,23/10/2021,Everton,Watford,2,5,A
E0,23/10/2021,Leeds,Wolves,1,1,D
E0,23/10/2021,Southampton,Burnley,2,2,D
E0,23/10/2021,Brighton,Man City,1,4,A
E0,24/10/2021,Brentford,Leicester,1,2,A
E0,24/10/2021,West Ham,Tottenham,1,0,H
E0,24/10/2021,Man United,Liverpool,0,5,A
E0,30/10/2021,Leicester,Arsenal,0,2,A
E0,30/10/2021,Burnley,Brentford,3,1,H
E0,30/10/2021,Liverpool,Brighton,2,2,D
E0,30/10/2021,Man City,Crystal Palace,0,2,A
E0,30/10/2021,Newcastle,Chelsea,0,3,A
E0,30/10/2021,Watford,Southampton,0,1,A
E0,30/10/2021,Tottenham,Man United,0,3,A
E0,31/10/2021,Norwich,Leeds,1,2,A
E0,31/10/2021,Aston Villa,West Ham,1,4,A
E0,01/11/2021,Wolves,Everton,2,1,H
E0,05/11/2021,Southampton,Aston Villa,1,0,H
E0,06/11/2021,Man United,Man City,0,2,A
E0,06/11/2021,Brentford,Norwich,1,2,A
E0,06/11/2021,Chelsea,Burnley,1,1,D
E0,06/11/2021,Crystal Palace,Wolves,2,0,H
E0,06/11/2021,Brighton,Newcastle,1,1,D
E0,07/11/2021,Arsenal,Watford,1,0,H
E0,07/11/2021,Everton,Tottenham,0,0,D
E0,07/11/2021,Leeds,Leicester,1,1,D
E0,07/11/2021,West Ham,Liverpool,3,2,H
E0,20/11/2021,Leicester,Chelsea,0,3,A
E0,20/11/2021,Aston Villa,Brighton,2,0,H
E0,20/11/2021,Burnley,Crystal Palace,3,3,D
E0,20/11/2021,Newcastle,Brentford,3,3,D
E0,20/11/2021,Norwich,Southampton,2,1,H
E0,20/11/2021,Watford,Man United,4,1,H
E0,20/11/2021,Wolves,West Ham,1,0,H
E0,20/11/2021,Liverpool,Arsenal,4,0,H
E0,21/11/2021,Man City,Everton,3,0,H
E0,21/11/2021,Tottenham,Leeds,2,1,H
E0,27/11/2021,Arsenal,Newcastle,2,0,H
E0,27/11/2021,Crystal Palace,Aston Villa,1,2,A
E0,27/11/2021,Liverpool,Southampton,4,0,H
E0,27/11/2021,Norwich,Wolves,0,0,D
E0,27/11/2021,Brighton,Leeds,0,0,D
E0,28/11/2021,Brentford,Everton,1,0,H
E0,28/11/2021,Leicester,Watford,4,2,H
E0,28/11/2021,Man City,West Ham,2,1,H
E0,28/11/2021,Chelsea,Man United,1,1,D
E0,30/11/2021,Newcastle,Norwich,1,1,D
E0,30/11/2021,Leeds,Crystal Palace,1,0,H
E0,01/12/2021,Southampton,Leicester,2,2,D
E0,01/12/2021,Watford,Chelsea,1,2,A
E0,01/12/2021,West Ham,Brighton,1,1,D
E0,01/12/2021,Wolves,Burnley,0,0,D
E0,01/12/2021,Aston Villa,Man City,1,2,A
E0,01/12/2021,Everton,Liverpool,1,4,A
E0,02/12/2021,Tottenham,Brentford,2,0,H
E0,02/12/2021,Man United,Arsenal,3,2,H
E0,04/12/2021,West Ham,Chelsea,3,2,H
E0,04/12/2021,Newcastle,Burnley,1,0,H
E0,04/12/2021,Southampton,Brighton,1,1,D
E0,04/12/2021,Wolves,Liverpool,0,1,A
E0,04/12/2021,Watford,Man City,1,3,A
E0,05/12/2021,Leeds,Brentford,2,2,D
E0,05/12/2021,Man United,Crystal Palace,1,0,H
E0,05/12/2021,Tottenham,Norwich,3,0,H
E0,05/12/2021,Aston Villa,Leicester,2,1,H
E0,06/12/2021,Everton,Arsenal,2,1,H
E0,10/12/2021,Brentford,Watford,2,1,H
E0,11/12/2021,Man City,Wolves,1,0,H
E0,11/12/2021,Arsenal,Southampton,3,0,H
E0,11/12/2021,Chelsea,Leeds,3,2,H
E0,11/12/2021,Liverpool,Aston Villa,1,0,H
E0,11/12/2021,Norwich,Man United,0,1,A
E0,12/12/2021,Burnley,West Ham,0,0,D
E0,12/12/2021,Leicester,Newcastle,4,0,H
E0,12/12/2021,Crystal Palace,Everton,3,1,H
E0,14/12/2021,Norwich,Aston Villa,0,2,A
E0,14/12/2021,Man City,Leeds,7,0,H
E0,15/12/2021,Brighton,Wolves,0,1,A
E0,15/12/2021,Crystal Palace,Southampton,2,2,D
E0,15/12/2021,Arsenal,West Ham,2,0,H
E0,16/12/2021,Chelsea,Everton,1,1,D
E0,16/12/2021,Liverpool,Newcastle,3,1,H
E0,18/12/2021,Leeds,Arsenal,1,4,A
E0,19/12/2021,Newcastle,Man City,0,4,A
E0,19/12/2021,Wolves,Chelsea,0,0,D
E0,19/12/2021,Tottenham,Liverpool,2,2,D
E0,26/12/2021,Man City,Leicester,6,3,H
E0,26/12/2021,Norwich,Arsenal,0,5,A
E0,26/12/2021,Tottenham,Crystal Palace,3,0,H
E0,26/12/2021,West Ham,Southampton,2,3,A
E0,26/12/2021,Aston Villa,Chelsea,1,3,A
E0,26/12/2021,Brighton,Brentford,2,0,H
E0,27/12/2021,Newcastle,Man United,1,1,D
E0,28/12/2021,Crystal Palace,Norwich,3,0,H
E0,28/12/2021,Southampton,Tottenham,1,1,D
E0,28/12/2021,Watford,West Ham,1,4,A
E0,28/12/2021,Leicester,Liverpool,1,0,H
E0,29/12/2021,Chelsea,Brighton,1,1,D
E0,29/12/2021,Brentford,Man City,0,1,A
E0,30/12/2021,Man United,Burnley,3,1,H
E0,01/01/2022,Arsenal,Man City,1,2,A
E0,01/01/2022,Watford,Tottenham,0,1,A
E0,01/01/2022,Crystal Palace,West Ham,2,3,A
E0,02/01/2022,Brentford,Aston Villa,2,1,H
E0,02/01/2022,Everton,Brighton,2,3,A
E0,02/01/2022,Leeds,Burnley,3,1,H
E0,02/01/2022,Chelsea,Liverpool,2,2,D
E0,03/01/2022,Man United,Wolves,0,1,A
E0,11/01/2022,Southampton,Brentford,4,1,H
E0,12/01/2022,West Ham,Norwich,2,0,H
E0,14/01/2022,Brighton,Crystal Palace,1,1,D
E0,15/01/2022,Man City,Chelsea,1,0,H
E0,15/01/2022,Newcastle,Watford,1,1,D
E0,15/01/2022,Norwich,Everton,2,1,H
E0,15/01/2022,Wolves,Southampton,3,1,H
E0,15/01/2022,Aston Villa,Man United,2,2,D
E0,16/01/2022,Liverpool,Brentford,3,0,H
E0,16/01/2022,West Ham,Leeds,2,3,A
E0,18/01/2022,Brighton,Chelsea,1,1,D
E0,19/01/2022,Leicester,Tottenham,2,3,A
E0,19/01/2022,Brentford,Man United,1,3,A
E0,21/01/2022,Watford,Norwich,0,3,A
E0,22/01/2022,Everton,Aston Villa,0,1,A
E0,22/01/2022,Brentford,Wolves,1,2,A
E0,22/01/2022,Leeds,Newcastle,0,1,A
E0,22/01/2022,Man United,West Ham,1,0,H
E0,22/01/2022,Southampton,Man City,1,1,D
E0,23/01/2022,Arsenal,Burnley,0,0,D
E0,23/01/2022,Crystal Palace,Liverpool,1,3,A
E0,23/01/2022,Leicester,Brighton,1,1,D
E0,23/01/2022,Chelsea,Tottenham,2,0,H
E0,05/02/2022,Burnley,Watford,0,0,D
E0,08/02/2022,Newcastle,Everton,3,1,H
E0,08/02/2022,West Ham,Watford,1,0,H
E0,08/02/2022,Burnley,Man United,1,1,D
E0,09/02/2022,Man City,Brentford,2,0,H
E0,09/02/2022,Norwich,Crystal Palace,1,1,D
E0,09/02/2022,Tottenham,Southampton,2,3,A
E0,09/02/2022,Aston Villa,Leeds,3,3,D
E0,10/02/2022,Liverpool,Leicester,2,0,H
E0,10/02/2022,Wolves,Arsenal,0,1,A
E0,12/02/2022,Man United,Southampton,1,1,D
E0,12/02/2022,Brentford,Crystal Palace,0,0,D
E0,12/02/2022,Everton,Leeds,3,0,H
E0,12/02/2022,Watford,Brighton,0,2,A
E0,12/02/2022,Norwich,Man City,0,4,A
E0,13/02/2022,Burnley,Liverpool,0,1,A
E0,13/02/2022,Newcastle,Aston Villa,1,0,H
E0,13/02/2022,Tottenham,Wolves,0,2,A
E0,13/02/2022,Leicester,West Ham,2,2,D
E0,15/02/2022,Man United,Brighton,2,0,H
E0,19/02/2022,West Ham,Newcastle,1,1,D
E0,19/02/2022,Arsenal,Brentford,2,1,H
E0,19/02/2022,Aston Villa,Watford,0,1,A
E0,19/02/2022,Brighton,Burnley,0,3,A
E0,19/02/2022,Crystal Palace,Chelsea,0,1,A
E0,19/02/2022,Liverpool,Norwich,3,1,H
E0,19/02/2022,Southampton,Everton,2,0,H
E0,19/02/2022,Man City,Tottenham,2,3,A
E0,20/02/2022,Leeds,Man United,2,4,A
E0,20/02/2022,Wolves,Leicester,2,1,H
E0,23/02/2022,Burnley,Tottenham,1,0,H
E0,23/02/2022,Watford,Crystal Palace,1,4,A
E0,23/02/2022,Liverpool,Leeds,6,0,H
E0,24/02/2022,Arsenal,Wolves,2,1,H
E0,25/02/2022,Southampton,Norwich,2,0,H
E0,26/02/2022,Leeds,Tottenham,0,4,A
E0,26/02/2022,Brentford,Newcastle,0,2,A
E0,26/02/2022,Crystal Palace,Burnley,1,1,D
E0,26/02/2022,Man United,Watford,0,0,D
E0,26/02/2022,Brighton,Aston Villa,0,2,A
E0,26/02/2022,Everton,Man City,0,1,A
E0,27/02/2022,West Ham,Wolves,1,0,H
E0,01/03/2022,Burnley,Leicester,0,2,A
E0,05/03/2022,Leicester,Leeds,1,0,H
E0,05/03/2022,Aston Villa,Southampton,4,0,H
E0,05/03/2022,Burnley,Chelsea,0,4,A
E0,05/03/2022,Newcastle,Brighton,2,1,H
E0,05/03/2022,Norwich,Brentford,1,3,A
E0,05/03/2022,Wolves,Crystal Palace,0,2,A
E0,05/03/2022,Liverpool,West Ham,1,0,H
E0,06/03/2022,Watford,Arsenal,2,3,A
E0,06/03/2022,Man City,Man United,4,1,H
E0,07/03/2022,Tottenham,Everton,5,0,H
E0,10/03/2022,Norwich,Chelsea,1,3,A
E0,10/03/2022,Southampton,Newcastle,1,2,A
E0,10/03/2022,Wolves,Watford,4,0,H
E0,10/03/2022,Leeds,Aston Villa,0,3,A
E0,12/03/2022,Brighton,Liverpool,0,2,A
E0,12/03/2022,Brentford,Burnley,2,0,H
E0,12/03/2022,Man United,Tottenham,3,2,H
E0,13/03/2022,Chelsea,Newcastle,1,0,H
E0,13/03/2022,Everton,Wolves,0,1,A
E0,13/03/2022,Leeds,Norwich,2,1,H
E0,13/03/2022,Southampton,Watford,1,2,A
E0,13/03/2022,West Ham,Aston Villa,2,1,H
E0,13/03/2022,Arsenal,Leicester,2,0,H
E0,14/03/2022,Crystal Palace,Man City,0,0,D
E0,16/03/2022,Brighton,Tottenham,0,2,A
E0,16/03/2022,Arsenal,Liverpool,0,2,A
E0,17/03/2022,Everton,Newcastle,1,0,H
E0,18/03/2022,Wolves,Leeds,2,3,A
E0,19/03/2022,Aston Villa,Arsenal,0,1,A
E0,20/03/2022,Leicester,Brentford,2,1,H
E0,20/03/2022,Tottenham,West Ham,3,1,H
E0,02/04/2022,Liverpool,Watford,2,0,H
E0,02/04/2022,Brighton,Norwich,0,0,D
E0,02/04/2022,Burnley,Man City,0,2,A
E0,02/04/2022,Chelsea,Brentford,1,4,A
E0,02/04/2022,Leeds,Southampton,1,1,D
E0,02/04/2022,Wolves,Aston Villa,2,1,H
E0,02/04/2022,Man United,Leicester,1,1,D
E0,03/04/2022,West Ham,Everton,2,1,H
E0,03/04/2022,Tottenham,Newcastle,5,1,H
E0,04/04/2022,Crystal Palace,Arsenal,3,0,H
E0,06/04/2022,Burnley,Everton,3,2,H
E0,08/04/2022,Newcastle,Wolves,1,0,H
E0,09/04/2022,Everton,Man United,1,0,H
E0,09/04/2022,Arsenal,Brighton,1,2,A
E0,09/04/2022,Southampton,Chelsea,0,6,A
E0,09/04/2022,Watford,Leeds,0,3,A
E0,09/04/2022,Aston Villa,Tottenham,0,4,A
E0,10/04/2022,Brentford,West Ham,2,0,H
E0,10/04/2022,Leicester,Crystal Palace,2,1,H
E0,10/04/2022,Norwich,Burnley,2,0,H
E0,10/04/2022,Man City,Liverpool,2,2,D
E0,16/04/2022,Tottenham,Brighton,0,1,A
E0,16/04/2022,Man United,Norwich,3,2,H
E0,16/04/2022,Southampton,Arsenal,1,0,H
E0,16/04/2022,Watford,Brentford,1,2,A
E0,17/04/2022,Newcastle,Leicester,2,1,H
E0,17/04/2022,West Ham,Burnley,1,1,D
E0,19/04/2022,Liverpool,Man United,4,0,H
E0,20/04/2022,Chelsea,Arsenal,2,4,A
E0,20/04/2022,Everton,Leicester,1,1,D
E0,20/04/2022,Newcastle,Crystal Palace,1,0,H
E0,20/04/2022,Man City,Brighton,3,0,H
E0,21/04/2022,Burnley,Southampton,2,0,H
E0,23/04/2022,Arsenal,Man United,3,1,H
E0,23/04/2022,Leicester,Aston Villa,0,0,D
E0,23/04/2022,Man City,Watford,5,1,H
E0,23/04/2022,Norwich,Newcastle,0,3,A
E0,23/04/2022,Brentford,Tottenham,0,0,D
E0,24/04/2022,Brighton,Southampton,2,2,D
E0,24/04/2022,Burnley,Wolves,1,0,H
E0,24/04/2022,Chelsea,West Ham,1,0,H
E0,24/04/2022,Liverpool,Everton,2,0,H
E0,25/04/2022,Crystal Palace,Leeds,0,0,D
E0,28/04/2022,Man United,Chelsea,1,1,D
E0,30/04/2022,Newcastle,Liverpool,0,1,A
E0,30/04/2022,Aston Villa,Norwich,2,0,H
E0,30/04/2022,Southampton,Crystal Palace,1,2,A
E0,30/04/2022,Watford,Burnley,1,2,A
E0,30/04/2022,Wolves,Brighton,0,3,A
E0,30/04/2022,Leeds,Man City,0,4,A
E0,01/05/2022,Everton,Chelsea,1,0,H
E0,01/05/2022,Tottenham,Leicester,3,1,H
E0,01/05/2022,West Ham,Arsenal,1,2,A
E0,02/05/2022,Man United,Brentford,3,0,H
E0,07/05/2022,Brentford,Southampton,3,0,H
E0,07/05/2022,Burnley,Aston Villa,1,3,A
E0,07/05/2022,Chelsea,Wolves,2,2,D
E0,07/05/2022,Crystal Palace,Watford,1,0,H
E0,07/05/2022,Brighton,Man United,4,0,H
E0,07/05/2022,Liverpool,Tottenham,1,1,D
E0,08/05/2022,Arsenal,Leeds,2,1,H
E0,08/05/2022,Leicester,Everton,1,2,A
E0,08/05/2022,Norwich,West Ham,0,4,A
E0,08/05/2022,Man City,Newcastle,5,0,H
E0,10/05/2022,Aston Villa,Liverpool,1,2,A
E0,11/05/2022,Leeds,Chelsea,0,3,A
E0,11/05/2022,Leicester,Norwich,3,0,H
E0,11/05/2022,Watford,Everton,0,0,D
E0,11/05/2022,Wolves,Man City,1,5,A
E0,12/05/2022,Tottenham,Arsenal,3,0,H
E0,15/05/2022,Tottenham,Burnley,1,0,H
E0,15/05/2022,Aston Villa,Crystal Palace,1,1,D
E0,15/05/2022,Leeds,Brighton,1,1,D
E0,15/05/2022,Watford,Leicester,1,5,A
E0,15/05/2022,West Ham,Man City,2,2,D
E0,15/05/2022,Wolves,Norwich,1,1,D
E0,15/05/2022,Everton,Brentford,2,3,A
E0,16/05/2022,Newcastle,Arsenal,2,0,H
E0,17/05/2022,Southampton,Liverpool,1,2,A
E0,19/05/2022,Everton,Crystal Palace,3,2,H
E0,19/05/2022,Aston Villa,Burnley,1,1,D
E0,19/05/2022,Chelsea,Leicester,1,1,D
E0,22/05/2022,Arsenal,Everton,5,1,H
E0,22/05/2022,Brentford,Leeds,1,2,A
E0,22/05/2022,Brighton,West Ham,3,1,H
E0,22/05/2022,Burnley,Newcastle,1,2,A
E0,22/05/2022,Chelsea,Watford,2,1,H
E0,22/05/2022,Crystal Palace,Man United,1,0,H
E0,22/05/2022,Leicester,Southampton,4,1,H
E0,22/05/2022,Liverpool,Wolves,3,1,H
E0,22/05/2022,Man City,Aston Villa,3,2,H
E0,22/05/2022,Norwich,Tottenham,0,5,A
E0,12/09/2020,Fulham,Arsenal,0,3,A
E0,12/09/2020,Crystal Palace,Southampton,1,0,H
E0,12/09/2020,Liverpool,Leeds,4,3,H
E0,12/09/2020,West Ham,Newcastle,0,2,A
E0,13/09/2020,West Brom,Leicester,0,3,A
E0,13/09/2020,Tottenham,Everton,0,1,A
E0,14/09/2020,Brighton,Chelsea,1,3,A
E0,14/09/2020,Sheffield United,Wolves,0,2,A
E0,19/09/2020,Everton,West Brom,5,2,H
E0,19/09/2020,Leeds,Fulham,4,3,H
E0,19/09/2020,Man United,Crystal Palace,1,3,A
E0,19/09/2020,Arsenal,West Ham,2,1,H
E0,20/09/2020,Southampton,Tottenham,2,5,A
E0,20/09/2020,Newcastle,Brighton,0,3,A
E0,20/09/2020,Chelsea,Liverpool,0,2,A
E0,20/09/2020,Leicester,Burnley,4,2,H
E0,21/09/2020,Aston Villa,Sheffield United,1,0,H
E0,21/09/2020,Wolves,Man City,1,3,A
E0,26/09/2020,Brighton,Man United,2,3,A
E0,26/09/2020,Crystal Palace,Everton,1,2,A
E0,26/09/2020,West Brom,Chelsea,3,3,D
E0,26/09/2020,Burnley,Southampton,0,1,A
E0,27/09/2020,Sheffield United,Leeds,0,1,A
E0,27/09/2020,Tottenham,Newcastle,1,1,D
E0,27/09/2020,Man City,Leicester,2,5,A
E0,27/09/2020,West Ham,Wolves,4,0,H
E0,28/09/2020,Fulham,Aston Villa,0,3,A
E0,28/09/2020,Liverpool,Arsenal,3,1,H
E0,03/10/2020,Chelsea,Crystal Palace,4,0,H
E0,03/10/2020,Everton,Brighton,4,2,H
E0,03/10/2020,Leeds,Man City,1,1,D
E0,03/10/2020,Newcastle,Burnley,3,1,H
E0,04/10/2020,Leicester,West Ham,0,3,A
E0,04/10/2020,Southampton,West Brom,2,0,H
E0,04/10/2020,Arsenal,Sheffield United,2,1,H
E0,04/10/2020,Wolves,Fulham,1,0,H
E0,04/10/2020,Man United,Tottenham,1,6,A
E0,04/10/2020,Aston Villa,Liverpool,7,2,H
E0,17/10/2020,Everton,Liverpool,2,2,D
E0,17/10/2020,Chelsea,Southampton,3,3,D
E0,17/10/2020,Man City,Arsenal,1,0,H
E0,17/10/2020,Newcastle,Man United,1,4,A
E0,18/10/2020,Sheffield United,Fulham,1,1,D
E0,18/10/2020,Crystal Palace,Brighton,1,1,D
E0,18/10/2020,Tottenham,West Ham,3,3,D
E0,18/10/2020,Leicester,Aston Villa,0,1,A
E0,19/10/2020,West Brom,Burnley,0,0,D
E0,19/10/2020,Leeds,Wolves,0,1,A
E0,23/10/2020,Aston Villa,Leeds,0,3,A
E0,24/10/2020,West Ham,Man City,1,1,D
E0,24/10/2020,Fulham,Crystal Palace,1,2,A
E0,24/10/2020,Man United,Chelsea,0,0,D
E0,24/10/2020,Liverpool,Sheffield United,2,1,H
E0,25/10/2020,Southampton,Everton,2,0,H
E0,25/10/2020,Wolves,Newcastle,1,1,D
E0,25/10/2020,Arsenal,Leicester,0,1,A
E0,26/10/2020,Brighton,West Brom,1,1,D
E0,26/10/2020,Burnley,Tottenham,0,1,A
E0,30/10/2020,Wolves,Crystal Palace,2,0,H
E0,31/10/2020,Sheffield United,Man City,0,1,A
E0,31/10/2020,Burnley,Chelsea,0,3,A
E0,31/10/2020,Liverpool,West Ham,2,1,H
E0,01/11/2020,Aston Villa,Southampton,3,4,A
E0,01/11/2020,Newcastle,Everton,2,1,H
E0,01/11/2020,Man United,Arsenal,0,1,A
E0,01/11/2020,Tottenham,Brighton,2,1,H
E0,02/11/2020,Fulham,West Brom,2,0,H
E0,02/11/2020,Leeds,Leicester,1,4,A
E0,06/11/2020,Brighton,Burnley,0,0,D
E0,06/11/2020,Southampton,Newcastle,2,0,H
E0,07/11/2020,Everton,Man United,1,3,A
E0,07/11/2020,Crystal Palace,Leeds,4,1,H
E0,07/11/2020,Chelsea,Sheffield United,4,1,H
E0,07/11/2020,West Ham,Fulham,1,0,H
E0,08/11/2020,West Brom,Tottenham,0,1,A
E0,08/11/2020,Leicester,Wolves,1,0,H
E0,08/11/2020,Man City,Liverpool,1,1,D
E0,08/11/2020,Arsenal,Aston Villa,0,3,A
E0,21/11/2020,Newcastle,Chelsea,0,2,A
E0,21/11/2020,Aston Villa,Brighton,1,2,A
E0,21/11/2020,Tottenham,Man City,2,0,H
E0,21/11/2020,Man United,West Brom,1,0,H
E0,22/11/2020,Fulham,Everton,2,3,A
E0,22/11/2020,Sheffield United,West Ham,0,1,A
E0,22/11/2020,Leeds,Arsenal,0,0,D
E0,22/11/2020,Liverpool,Leicester,3,0,H
E0,23/11/2020,Burnley,Crystal Palace,1,0,H
E0,23/11/2020,Wolves,Southampton,1,1,D
E0,27/11/2020,Crystal Palace,Newcastle,0,2,A
E0,28/11/2020,Brighton,Liverpool,1,1,D
E0,28/11/2020,Man City,Burnley,5,0,H
E0,28/11/2020,Everton,Leeds,0,1,A
E0,28/11/2020,West Brom,Sheffield United,1,0,H
E0,29/11/2020,Southampton,Man United,2,3,A
E0,29/11/2020,Chelsea,Tottenham,0,0,D
E0,29/11/2020,Arsenal,Wolves,1,2,A
E0,30/11/2020,Leicester,Fulham,1,2,A
E0,30/11/2020,West Ham,Aston Villa,2,1,H
E0,05/12/2020,Burnley,Everton,1,1,D
E0,05/12/2020,Man City,Fulham,2,0,H
E0,05/12/2020,West Ham,Man United,1,3,A
E0,05/12/2020,Chelsea,Leeds,3,1,H
E0,06/12/2020,West Brom,Crystal Palace,1,5,A
E0,06/12/2020,Sheffield United,Leicester,1,2,A
E0,06/12/2020,Tottenham,Arsenal,2,0,H
E0,06/12/2020,Liverpool,Wolves,4,0,H
E0,07/12/2020,Brighton,Southampton,1,2,A
E0,11/12/2020,Leeds,West Ham,1,2,A
E0,12/12/2020,Wolves,Aston Villa,0,1,A
E0,12/12/2020,Newcastle,West Brom,2,1,H
E0,12/12/2020,Man United,Man City,0,0,D
E0,12/12/2020,Everton,Chelsea,1,0,H
E0,13/12/2020,Southampton,Sheffield United,3,0,H
E0,13/12/2020,Crystal Palace,Tottenham,1,1,D
E0,13/12/2020,Fulham,Liverpool,1,1,D
E0,13/12/2020,Arsenal,Burnley,0,1,A
E0,13/12/2020,Leicester,Brighton,3,0,H
E0,15/12/2020,Wolves,Chelsea,2,1,H
E0,15/12/2020,Man City,West Brom,1,1,D
E0,16/12/2020,Arsenal,Southampton,1,1,D
E0,16/12/2020,Leeds,Newcastle,5,2,H
E0,16/12/2020,Leicester,Everton,0,2,A
E0,16/12/2020,Fulham,Brighton,0,0,D
E0,16/12/2020,Liverpool,Tottenham,2,1,H
E0,16/12/2020,West Ham,Crystal Palace,1,1,D
E0,17/12/2020,Aston Villa,Burnley,0,0,D
E0,17/12/2020,Sheffield United,Man United,2,3,A
E0,19/12/2020,Crystal Palace,Liverpool,0,7,A
E0,19/12/2020,Southampton,Man City,0,1,A
E0,19/12/2020,Everton,Arsenal,2,1,H
E0,19/12/2020,Newcastle,Fulham,1,1,D
E0,20/12/2020,Brighton,Sheffield United,1,1,D
E0,20/12/2020,Tottenham,Leicester,0,2,A
E0,20/12/2020,Man United,Leeds,6,2,H
E0,20/12/2020,West Brom,Aston Villa,0,3,A
E0,21/12/2020,Burnley,Wolves,2,1,H
E0,21/12/2020,Chelsea,West Ham,3,0,H
E0,26/12/2020,Leicester,Man United,2,2,D
E0,26/12/2020,Aston Villa,Crystal Palace,3,0,H
E0,26/12/2020,Fulham,Southampton,0,0,D
E0,26/12/2020,Arsenal,Chelsea,3,1,H
E0,26/12/2020,Man City,Newcastle,2,0,H
E0,26/12/2020,Sheffield United,Everton,0,1,A
E0,27/12/2020,Leeds,Burnley,1,0,H
E0,27/12/2020,West Ham,Brighton,2,2,D
E0,27/12/2020,Liverpool,West Brom,1,1,D
E0,27/12/2020,Wolves,Tottenham,1,1,D
E0,28/12/2020,Crystal Palace,Leicester,1,1,D
E0,28/12/2020,Chelsea,Aston Villa,1,1,D
E0,29/12/2020,Brighton,Arsenal,0,1,A
E0,29/12/2020,Burnley,Sheffield United,1,0,H
E0,29/12/2020,Southampton,West Ham,0,0,D
E0,29/12/2020,West Brom,Leeds,0,5,A
E0,29/12/2020,Man United,Wolves,1,0,H
E0,30/12/2020,Newcastle,Liverpool,0,0,D
E0,01/01/2021,Everton,West Ham,0,1,A
E0,01/01/2021,Man United,Aston Villa,2,1,H
E0,02/01/2021,Tottenham,Leeds,3,0,H
E0,02/01/2021,Crystal Palace,Sheffield United,2,0,H
E0,02/01/2021,Brighton,Wolves,3,3,D
E0,02/01/2021,West Brom,Arsenal,0,4,A
E0,03/01/2021,Newcastle,Leicester,1,2,A
E0,03/01/2021,Chelsea,Man City,1,3,A
E0,04/01/2021,Southampton,Liverpool,1,0,H
E0,12/01/2021,Sheffield United,Newcastle,1,0,H
E0,12/01/2021,Burnley,Man United,0,1,A
E0,12/01/2021,Wolves,Everton,1,2,A
E0,13/01/2021,Man City,Brighton,1,0,H
E0,13/01/2021,Tottenham,Fulham,1,1,D
E0,14/01/2021,Arsenal,Crystal Palace,0,0,D
E0,16/01/2021,Wolves,West Brom,2,3,A
E0,16/01/2021,Leeds,Brighton,0,1,A
E0,16/01/2021,West Ham,Burnley,1,0,H
E0,16/01/2021,Fulham,Chelsea,0,1,A
E0,16/01/2021,Leicester,Southampton,2,0,H
E0,17/01/2021,Sheffield United,Tottenham,1,3,A
E0,17/01/2021,Liverpool,Man United,0,0,D
E0,17/01/2021,Man City,Crystal Palace,4,0,H
E0,18/01/2021,Arsenal,Newcastle,3,0,H
E0,19/01/2021,West Ham,West Brom,2,1,H
E0,19/01/2021,Leicester,Chelsea,2,0,H
E0,20/01/2021,Man City,Aston Villa,2,0,H
E0,20/01/2021,Fulham,Man United,1,2,A
E0,21/01/2021,Liverpool,Burnley,0,1,A
E0,23/01/2021,Aston Villa,Newcastle,2,0,H
E0,26/01/2021,Crystal Palace,West Ham,2,3,A
E0,26/01/2021,Newcastle,Leeds,1,2,A
E0,26/01/2021,Southampton,Arsenal,1,3,A
E0,26/01/2021,West Brom,Man City,0,5,A
E0,27/01/2021,Burnley,Aston Villa,3,2,H
E0,27/01/2021,Chelsea,Wolves,0,0,D
E0,27/01/2021,Brighton,Fulham,0,0,D
E0,27/01/2021,Everton,Leicester,1,1,D
E0,27/01/2021,Man United,Sheffield United,1,2,A
E0,28/01/2021,Tottenham,Liverpool,1,3,A
E0,30/01/2021,Everton,Newcastle,0,2,A
E0,30/01/2021,Crystal Palace,Wolves,1,0,H
E0,30/01/2021,Man City,Sheffield United,1,0,H
E0,30/01/2021,West Brom,Fulham,2,2,D
E0,30/01/2021,Arsenal,Man United,0,0,D
E0,30/01/2021,Southampton,Aston Villa,0,1,A
E0,31/01/2021,Chelsea,Burnley,2,0,H
E0,31/01/2021,Leicester,Leeds,1,3,A
E0,31/01/2021,West Ham,Liverpool,1,3,A
E0,31/01/2021,Brighton,Tottenham,1,0,H
E0,02/02/2021,Sheffield United,West Brom,2,1,H
E0,02/02/2021,Wolves,Arsenal,2,1,H
E0,02/02/2021,Man United,Southampton,9,0,H
E0,02/02/2021,Newcastle,Crystal Palace,1,2,A
E0,03/02/2021,Burnley,Man City,0,2,A
E0,03/02/2021,Fulham,Leicester,0,2,A
E0,03/02/2021,Leeds,Everton,1,2,A
E0,03/02/2021,Aston Villa,West Ham,1,3,A
E0,03/02/2021,Liverpool,Brighton,0,1,A
E0,04/02/2021,Tottenham,Chelsea,0,1,A
E0,06/02/2021,Aston Villa,Arsenal,1,0,H
E0,06/02/2021,Burnley,Brighton,1,1,D
E0,06/02/2021,Newcastle,Southampton,3,2,H
E0,06/02/2021,Fulham,West Ham,0,0,D
E0,06/02/2021,Man United,Everton,3,3,D
E0,07/02/2021,Tottenham,West Brom,2,0,H
E0,07/02/2021,Wolves,Leicester,0,0,D
E0,07/02/2021,Liverpool,Man City,1,4,A
E0,07/02/2021,Sheffield United,Chelsea,1,2,A
E0,08/02/2021,Leeds,Crystal Palace,2,0,H
E0,13/02/2021,Leicester,Liverpool,3,1,H
E0,13/02/2021,Crystal Palace,Burnley,0,3,A
E0,13/02/2021,Man City,Tottenham,3,0,H
E0,13/02/2021,Brighton,Aston Villa,0,0,D
E0,14/02/2021,Southampton,Wolves,1,2,A
E0,14/02/2021,West Brom,Man United,1,1,D
E0,14/02/2021,Arsenal,Leeds,4,2,H
E0,14/02/2021,Everton,Fulham,0,2,A
E0,15/02/2021,West Ham,Sheffield United,3,0,H
E0,15/02/2021,Chelsea,Newcastle,2,0,H
E0,17/02/2021,Burnley,Fulham,1,1,D
E0,17/02/2021,Everton,Man City,1,3,A
E0,19/02/2021,Wolves,Leeds,1,0,H
E0,20/02/2021,Southampton,Chelsea,1,1,D
E0,20/02/2021,Burnley,West Brom,0,0,D
E0,20/02/2021,Liverpool,Everton,0,2,A
E0,20/02/2021,Fulham,Sheffield United,1,0,H
E0,21/02/2021,West Ham,Tottenham,2,1,H
E0,21/02/2021,Aston Villa,Leicester,1,2,A
E0,21/02/2021,Arsenal,Man City,0,1,A
E0,21/02/2021,Man United,Newcastle,3,1,H
E0,22/02/2021,Brighton,Crystal Palace,1,2,A
E0,23/02/2021,Leeds,Southampton,3,0,H
E0,27/02/2021,Man City,West Ham,2,1,H
E0,27/02/2021,West Brom,Brighton,1,0,H
E0,27/02/2021,Leeds,Aston Villa,0,1,A
E0,27/02/2021,Newcastle,Wolves,1,1,D
E0,28/02/2021,Crystal Palace,Fulham,0,0,D
E0,28/02/2021,Leicester,Arsenal,1,3,A
E0,28/02/2021,Tottenham,Burnley,4,0,H
E0,28/02/2021,Chelsea,Man United,0,0,D
E0,28/02/2021,Sheffield United,Liverpool,0,2,A
E0,01/03/2021,Everton,Southampton,1,0,H
E0,02/03/2021,Man City,Wolves,4,1,H
E0,03/03/2021,Burnley,Leicester,1,1,D
E0,03/03/2021,Sheffield United,Aston Villa,1,0,H
E0,03/03/2021,Crystal Palace,Man United,0,0,D
E0,04/03/2021,Fulham,Tottenham,0,1,A
E0,04/03/2021,West Brom,Everton,0,1,A
E0,04/03/2021,Liverpool,Chelsea,0,1,A
E0,06/03/2021,Burnley,Arsenal,1,1,D
E0,06/03/2021,Sheffield United,Southampton,0,2,A
E0,06/03/2021,Aston Villa,Wolves,0,0,D
E0,06/03/2021,Brighton,Leicester,1,2,A
E0,07/03/2021,West Brom,Newcastle,0,0,D
E0,07/03/2021,Liverpool,Fulham,0,1,A
E0,07/03/2021,Man City,Man United,0,2,A
E0,07/03/2021,Tottenham,Crystal Palace,4,1,H
E0,08/03/2021,Chelsea,Everton,2,0,H
E0,08/03/2021,West Ham,Leeds,2,0,H
E0,10/03/2021,Man City,Southampton,5,2,H
E0,12/03/2021,Newcastle,Aston Villa,1,1,D
E0,13/03/2021,Leeds,Chelsea,0,0,D
E0,13/03/2021,Crystal Palace,West Brom,1,0,H
E0,13/03/2021,Everton,Burnley,1,2,A
E0,13/03/2021,Fulham,Man City,0,3,A
E0,14/03/2021,Southampton,Brighton,1,2,A
E0,14/03/2021,Leicester,Sheffield United,5,0,H
E0,14/03/2021,Arsenal,Tottenham,2,1,H
E0,14/03/2021,Man United,West Ham,1,0,H
E0,15/03/2021,Wolves,Liverpool,0,1,A
E0,19/03/2021,Fulham,Leeds,1,2,A
E0,20/03/2021,Brighton,Newcastle,3,0,H
E0,21/03/2021,West Ham,Arsenal,3,3,D
E0,21/03/2021,Aston Villa,Tottenham,0,2,A
E0,03/04/2021,Chelsea,West Brom,2,5,A
E0,03/04/2021,Leeds,Sheffield United,2,1,H
E0,03/04/2021,Leicester,Man City,0,2,A
E0,03/04/2021,Arsenal,Liverpool,0,3,A
E0,04/04/2021,Southampton,Burnley,3,2,H
E0,04/04/2021,Newcastle,Tottenham,2,2,D
E0,04/04/2021,Aston Villa,Fulham,3,1,H
E0,04/04/2021,Man United,Brighton,2,1,H
E0,05/04/2021,Everton,Crystal Palace,1,1,D
E0,05/04/2021,Wolves,West Ham,2,3,A
E0,09/04/2021,Fulham,Wolves,0,1,A
E0,10/04/2021,Man City,Leeds,1,2,A
E0,10/04/2021,Liverpool,Aston Villa,2,1,H
E0,10/04/2021,Crystal Palace,Chelsea,1,4,A
E0,11/04/2021,Burnley,Newcastle,1,2,A
E0,11/04/2021,West Ham,Leicester,3,2,H
E0,11/04/2021,Tottenham,Man United,1,3,A
E0,11/04/2021,Sheffield United,Arsenal,0,3,A
E0,12/04/2021,West Brom,Southampton,3,0,H
E0,12/04/2021,Brighton,Everton,0,0,D
E0,16/04/2021,Everton,Tottenham,2,2,D
E0,17/04/2021,Newcastle,West Ham,3,2,H
E0,17/04/2021,Wolves,Sheffield United,1,0,H
E0,18/04/2021,Arsenal,Fulham,1,1,D
E0,18/04/2021,Man United,Burnley,3,1,H
E0,19/04/2021,Leeds,Liverpool,1,1,D
E0,20/04/2021,Chelsea,Brighton,0,0,D
E0,21/04/2021,Tottenham,Southampton,2,1,H
E0,21/04/2021,Aston Villa,Man City,1,2,A
E0,22/04/2021,Leicester,West Brom,3,0,H
E0,23/04/2021,Arsenal,Everton,0,1,A
E0,24/04/2021,Liverpool,Newcastle,1,1,D
E0,24/04/2021,West Ham,Chelsea,0,1,A
E0,24/04/2021,Sheffield United,Brighton,1,0,H
E0,25/04/2021,Wolves,Burnley,0,4,A
E0,25/04/2021,Leeds,Man United,0,0,D
E0,25/04/2021,Aston Villa,West Brom,2,2,D
E0,26/04/2021,Leicester,Crystal Palace,2,1,H
E0,30/04/2021,Southampton,Leicester,1,1,D
E0,01/05/2021,Crystal Palace,Man City,0,2,A
E0,01/05/2021,Brighton,Leeds,2,0,H
E0,01/05/2021,Chelsea,Fulham,2,0,H
E0,01/05/2021,Everton,Aston Villa,1,2,A
E0,02/05/2021,Newcastle,Arsenal,0,2,A
E0,02/05/2021,Tottenham,Sheffield United,4,0,H
E0,03/05/2021,West Brom,Wolves,1,1,D
E0,03/05/2021,Burnley,West Ham,1,2,A
E0,07/05/2021,Leicester,Newcastle,2,4,A
E0,08/05/2021,Leeds,Tottenham,3,1,H
E0,08/05/2021,Sheffield United,Crystal Palace,0,2,A
E0,08/05/2021,Man City,Chelsea,1,2,A
E0,08/05/2021,Liverpool,Southampton,2,0,H
E0,09/05/2021,Wolves,Brighton,2,1,H
E0,09/05/2021,Aston Villa,Man United,1,3,A
E0,09/05/2021,West Ham,Everton,0,1,A
E0,09/05/2021,Arsenal,West Brom,3,1,H
E0,10/05/2021,Fulham,Burnley,0,2,A
E0,11/05/2021,Man United,Leicester,1,2,A
E0,11/05/2021,Southampton,Crystal Palace,3,1,H
E0,12/05/2021,Chelsea,Arsenal,0,1,A
E0,13/05/2021,Aston Villa,Everton,0,0,D
E0,13/05/2021,Man United,Liverpool,2,4,A
E0,14/05/2021,Newcastle,Man City,3,4,A
E0,15/05/2021,Burnley,Leeds,0,4,A
E0,15/05/2021,Southampton,Fulham,3,1,H
E0,15/05/2021,Brighton,West Ham,1,1,D
E0,16/05/2021,Crystal Palace,Aston Villa,3,2,H
E0,16/05/2021,Tottenham,Wolves,2,0,H
E0,16/05/2021,West Brom,Liverpool,1,2,A
E0,16/05/2021,Everton,Sheffield United,0,1,A
E0,18/05/2021,Man United,Fulham,1,1,D
E0,18/05/2021,Southampton,Leeds,0,2,A
E0,18/05/2021,Brighton,Man City,3,2,H
E0,18/05/2021,Chelsea,Leicester,2,1,H
E0,19/05/2021,Everton,Wolves,1,0,H
E0,19/05/2021,Newcastle,Sheffield United,1,0,H
E0,19/05/2021,Tottenham,Aston Villa,1,2,A
E0,19/05/2021,Crystal Palace,Arsenal,1,3,A
E0,19/05/2021,Burnley,Liverpool,0,3,A
E0,19/05/2021,West Brom,West Ham,1,3,A
E0,23/05/2021,Arsenal,Brighton,2,0,H
E0,23/05/2021,Aston Villa,Chelsea,2,1,H
E0,23/05/2021,Fulham,Newcastle,0,2,A
E0,23/05/2021,Leeds,West Brom,3,1,H
E0,23/05/2021,Leicester,Tottenham,2,4,A
E0,23/05/2021,Liverpool,Crystal Palace,2,0,H
E0,23/05/2021,Man City,Everton,5,0,H
E0,23/05/2021,Sheffield United,Burnley,1,0,H
E0,23/05/2021,West Ham,Southampton,3,0,H
E0,23/05/2021,Wolves,Man United,1,2,A
E0,09/08/2019,Liverpool,Norwich,4,1,H
E0,10/08/2019,West Ham,Man City,0,5,A
E0,10/08/2019,Bournemouth,Sheffield United,1,1,D
E0,10/08/2019,Burnley,Southampton,3,0,H
E0,10/08/2019,Crystal Palace,Everton,0,0,D
E0,10/08/2019,Watford,Brighton,0,3,A
E0,10/08/2019,Tottenham,Aston Villa,3,1,H
E0,11/08/2019,Leicester,Wolves,0,0,D
E0,11/08/2019,Newcastle,Arsenal,0,1,A
E0,11/08/2019,Man United,Chelsea,4,0,H
E0,17/08/2019,Arsenal,Burnley,2,1,H
E0,17/08/2019,Aston Villa,Bournemouth,1,2,A
E0,17/08/2019,Brighton,West Ham,1,1,D
E0,17/08/2019,Everton,Watford,1,0,H
E0,17/08/2019,Norwich,Newcastle,3,1,H
E0,17/08/2019,Southampton,Liverpool,1,2,A
E0,17/08/2019,Man City,Tottenham,2,2,D
E0,18/08/2019,Sheffield United,Crystal Palace,1,0,H
E0,18/08/2019,Chelsea,Leicester,1,1,D
E0,19/08/2019,Wolves,Man United,1,1,D
E0,23/08/2019,Aston Villa,Everton,2,0,H
E0,24/08/2019,Norwich,Chelsea,2,3,A
E0,24/08/2019,Brighton,Southampton,0,2,A
E0,24/08/2019,Man United,Crystal Palace,1,2,A
E0,24/08/2019,Sheffield United,Leicester,1,2,A
E0,24/08/2019,Watford,West Ham,1,3,A
E0,24/08/2019,Liverpool,Arsenal,3,1,H
E0,25/08/2019,Bournemouth,Man City,1,3,A
E0,25/08/2019,Tottenham,Newcastle,0,1,A
E0,25/08/2019,Wolves,Burnley,1,1,D
E0,31/08/2019,Southampton,Man United,1,1,D
E0,31/08/2019,Chelsea,Sheffield United,2,2,D
E0,31/08/2019,Crystal Palace,Aston Villa,1,0,H
E0,31/08/2019,Leicester,Bournemouth,3,1,H
E0,31/08/2019,Man City,Brighton,4,0,H
E0,31/08/2019,Newcastle,Watford,1,1,D
E0,31/08/2019,West Ham,Norwich,2,0,H
E0,31/08/2019,Burnley,Liverpool,0,3,A
E0,01/09/2019,Everton,Wolves,3,2,H
E0,01/09/2019,Arsenal,Tottenham,2,2,D
E0,14/09/2019,Liverpool,Newcastle,3,1,H
E0,14/09/2019,Brighton,Burnley,1,1,D
E0,14/09/2019,Man United,Leicester,1,0,H
E0,14/09/2019,Sheffield United,Southampton,0,1,A
E0,14/09/2019,Tottenham,Crystal Palace,4,0,H
E0,14/09/2019,Wolves,Chelsea,2,5,A
E0,14/09/2019,Norwich,Man City,3,2,H
E0,15/09/2019,Bournemouth,Everton,3,1,H
E0,15/09/2019,Watford,Arsenal,2,2,D
E0,16/09/2019,Aston Villa,West Ham,0,0,D
E0,20/09/2019,Southampton,Bournemouth,1,3,A
E0,21/09/2019,Leicester,Tottenham,2,1,H
E0,21/09/2019,Burnley,Norwich,2,0,H
E0,21/09/2019,Everton,Sheffield United,0,2,A
E0,21/09/2019,Man City,Watford,8,0,H
E0,21/09/2019,Newcastle,Brighton,0,0,D
E0,22/09/2019,Crystal Palace,Wolves,1,1,D
E0,22/09/2019,West Ham,Man United,2,0,H
E0,22/09/2019,Arsenal,Aston Villa,3,2,H
E0,22/09/2019,Chelsea,Liverpool,1,2,A
E0,28/09/2019,Sheffield United,Liverpool,0,1,A
E0,28/09/2019,Aston Villa,Burnley,2,2,D
E0,28/09/2019,Bournemouth,West Ham,2,2,D
E0,28/09/2019,Chelsea,Brighton,2,0,H
E0,28/09/2019,Crystal Palace,Norwich,2,0,H
E0,28/09/2019,Tottenham,Southampton,2,1,H
E0,28/09/2019,Wolves,Watford,2,0,H
E0,28/09/2019,Everton,Man City,1,3,A
E0,29/09/2019,Leicester,Newcastle,5,0,H
E0,30/09/2019,Man United,Arsenal,1,1,D
E0,05/10/2019,Brighton,Tottenham,3,0,H
E0,05/10/2019,Burnley,Everton,1,0,H
E0,05/10/2019,Liverpool,Leicester,2,1,H
E0,05/10/2019,Norwich,Aston Villa,1,5,A
E0,05/10/2019,Watford,Sheffield United,0,0,D
E0,05/10/2019,West Ham,Crystal Palace,1,2,A
E0,06/10/2019,Arsenal,Bournemouth,1,0,H
E0,06/10/2019,Man City,Wolves,0,2,A
E0,06/10/2019,Southampton,Chelsea,1,4,A
E0,06/10/2019,Newcastle,Man United,1,0,H
E0,19/10/2019,Everton,West Ham,2,0,H
E0,19/10/2019,Aston Villa,Brighton,2,1,H
E0,19/10/2019,Bournemouth,Norwich,0,0,D
E0,19/10/2019,Chelsea,Newcastle,1,0,H
E0,19/10/2019,Leicester,Burnley,2,1,H
E0,19/10/2019,Tottenham,Watford,1,1,D
E0,19/10/2019,Wolves,Southampton,1,1,D
E0,19/10/2019,Crystal Palace,Man City,0,2,A
E0,20/10/2019,Man United,Liverpool,1,1,D
E0,21/10/2019,Sheffield United,Arsenal,1,0,H
E0,25/10/2019,Southampton,Leicester,0,9,A
E0,26/10/2019,Man City,Aston Villa,3,0,H
E0,26/10/2019,Brighton,Everton,3,2,H
E0,26/10/2019,Watford,Bournemouth,0,0,D
E0,26/10/2019,West Ham,Sheffield United,1,1,D
E0,26/10/2019,Burnley,Chelsea,2,4,A
E0,27/10/2019,Newcastle,Wolves,1,1,D
E0,27/10/2019,Arsenal,Crystal Palace,2,2,D
E0,27/10/2019,Liverpool,Tottenham,2,1,H
E0,27/10/2019,Norwich,Man United,1,3,A
E0,02/11/2019,Bournemouth,Man United,1,0,H
E0,02/11/2019,Arsenal,Wolves,1,1,D
E0,02/11/2019,Aston Villa,Liverpool,1,2,A
E0,02/11/2019,Brighton,Norwich,2,0,H
E0,02/11/2019,Man City,Southampton,2,1,H
E0,02/11/2019,Sheffield United,Burnley,3,0,H
E0,02/11/2019,West Ham,Newcastle,2,3,A
E0,02/11/2019,Watford,Chelsea,1,2,A
E0,03/11/2019,Crystal Palace,Leicester,0,2,A
E0,03/11/2019,Everton,Tottenham,1,1,D
E0,08/11/2019,Norwich,Watford,0,2,A
E0,09/11/2019,Chelsea,Crystal Palace,2,0,H
E0,09/11/2019,Burnley,West Ham,3,0,H
E0,09/11/2019,Newcastle,Bournemouth,2,1,H
E0,09/11/2019,Southampton,Everton,1,2,A
E0,09/11/2019,Tottenham,Sheffield United,1,1,D
E0,09/11/2019,Leicester,Arsenal,2,0,H
E0,10/11/2019,Man United,Brighton,3,1,H
E0,10/11/2019,Wolves,Aston Villa,2,1,H
E0,10/11/2019,Liverpool,Man City,3,1,H
E0,23/11/2019,West Ham,Tottenham,2,3,A
E0,23/11/2019,Arsenal,Southampton,2,2,D
E0,23/11/2019,Bournemouth,Wolves,1,2,A
E0,23/11/2019,Brighton,Leicester,0,2,A
E0,23/11/2019,Crystal Palace,Liverpool,1,2,A
E0,23/11/2019,Everton,Norwich,0,2,A
E0,23/11/2019,Watford,Burnley,0,3,A
E0,23/11/2019,Man City,Chelsea,2,1,H
E0,24/11/2019,Sheffield United,Man United,3,3,D
E0,25/11/2019,Aston Villa,Newcastle,2,0,H
E0,30/11/2019,Newcastle,Man City,2,2,D
E0,30/11/2019,Burnley,Crystal Palace,0,2,A
E0,30/11/2019,Chelsea,West Ham,0,1,A
E0,30/11/2019,Liverpool,Brighton,2,1,H
E0,30/11/2019,Tottenham,Bournemouth,3,2,H
E0,30/11/2019,Southampton,Watford,2,1,H
E0,01/12/2019,Norwich,Arsenal,2,2,D
E0,01/12/2019,Wolves,Sheffield United,1,1,D
E0,01/12/2019,Leicester,Everton,2,1,H
E0,01/12/2019,Man United,Aston Villa,2,2,D
E0,03/12/2019,Crystal Palace,Bournemouth,1,0,H
E0,03/12/2019,Burnley,Man City,1,4,A
E0,04/12/2019,Chelsea,Aston Villa,2,1,H
E0,04/12/2019,Leicester,Watford,2,0,H
E0,04/12/2019,Man United,Tottenham,2,1,H
E0,04/12/2019,Southampton,Norwich,2,1,H
E0,04/12/2019,Wolves,West Ham,2,0,H
E0,04/12/2019,Liverpool,Everton,5,2,H
E0,05/12/2019,Sheffield United,Newcastle,0,2,A
E0,05/12/2019,Arsenal,Brighton,1,2,A
E0,07/12/2019,Everton,Chelsea,3,1,H
E0,07/12/2019,Bournemouth,Liverpool,0,3,A
E0,07/12/2019,Tottenham,Burnley,5,0,H
E0,07/12/2019,Watford,Crystal Palace,0,0,D
E0,07/12/2019,Man City,Man United,1,2,A
E0,08/12/2019,Aston Villa,Leicester,1,4,A
E0,08/12/2019,Newcastle,Southampton,2,1,H
E0,08/12/2019,Norwich,Sheffield United,1,2,A
E0,08/12/2019,Brighton,Wolves,2,2,D
E0,09/12/2019,West Ham,Arsenal,1,3,A
E0,14/12/2019,Liverpool,Watford,2,0,H
E0,14/12/2019,Burnley,Newcastle,1,0,H
E0,14/12/2019,Chelsea,Bournemouth,0,1,A
E0,14/12/2019,Leicester,Norwich,1,1,D
E0,14/12/2019,Sheffield United,Aston Villa,2,0,H
E0,14/12/2019,Southampton,West Ham,0,1,A
E0,15/12/2019,Man United,Everton,1,1,D
E0,15/12/2019,Wolves,Tottenham,1,2,A
E0,15/12/2019,Arsenal,Man City,0,3,A
E0,16/12/2019,Crystal Palace,Brighton,1,1,D
E0,21/12/2019,Everton,Arsenal,0,0,D
E0,21/12/2019,Aston Villa,Southampton,1,3,A
E0,21/12/2019,Bournemouth,Burnley,0,1,A
E0,21/12/2019,Brighton,Sheffield United,0,1,A
E0,21/12/2019,Newcastle,Crystal Palace,1,0,H
E0,21/12/2019,Norwich,Wolves,1,2,A
E0,21/12/2019,Man City,Leicester,3,1,H
E0,22/12/2019,Watford,Man United,2,0,H
E0,22/12/2019,Tottenham,Chelsea,0,2,A
E0,26/12/2019,Tottenham,Brighton,2,1,H
E0,26/12/2019,Aston Villa,Norwich,1,0,H
E0,26/12/2019,Bournemouth,Arsenal,1,1,D
E0,26/12/2019,Chelsea,Southampton,0,2,A
E0,26/12/2019,Crystal Palace,West Ham,2,1,H
E0,26/12/2019,Everton,Burnley,1,0,H
E0,26/12/2019,Sheffield United,Watford,1,1,D
E0,26/12/2019,Man United,Newcastle,4,1,H
E0,26/12/2019,Leicester,Liverpool,0,4,A
E0,27/12/2019,Wolves,Man City,3,2,H
E0,28/12/2019,Brighton,Bournemouth,2,0,H
E0,28/12/2019,Newcastle,Everton,1,2,A
E0,28/12/2019,Southampton,Crystal Palace,1,1,D
E0,28/12/2019,Watford,Aston Villa,3,0,H
E0,28/12/2019,Norwich,Tottenham,2,2,D
E0,28/12/2019,West Ham,Leicester,1,2,A
E0,28/12/2019,Burnley,Man United,0,2,A
E0,29/12/2019,Arsenal,Chelsea,1,2,A
E0,29/12/2019,Liverpool,Wolves,1,0,H
E0,29/12/2019,Man City,Sheffield United,2,0,H
E0,01/01/2020,Brighton,Chelsea,1,1,D
E0,01/01/2020,Burnley,Aston Villa,1,2,A
E0,01/01/2020,Newcastle,Leicester,0,3,A
E0,01/01/2020,Southampton,Tottenham,1,0,H
E0,01/01/2020,Watford,Wolves,2,1,H
E0,01/01/2020,Man City,Everton,2,1,H
E0,01/01/2020,Norwich,Crystal Palace,1,1,D
E0,01/01/2020,West Ham,Bournemouth,4,0,H
E0,01/01/2020,Arsenal,Man United,2,0,H
E0,02/01/2020,Liverpool,Sheffield United,2,0,H
E0,10/01/2020,Sheffield United,West Ham,1,0,H
E0,11/01/2020,Crystal Palace,Arsenal,1,1,D
E0,11/01/2020,Chelsea,Burnley,3,0,H
E0,11/01/2020,Everton,Brighton,1,0,H
E0,11/01/2020,Leicester,Southampton,1,2,A
E0,11/01/2020,Man United,Norwich,4,0,H
E0,11/01/2020,Wolves,Newcastle,1,1,D
E0,11/01/2020,Tottenham,Liverpool,0,1,A
E0,12/01/2020,Bournemouth,Watford,0,3,A
E0,12/01/2020,Aston Villa,Man City,1,6,A
E0,18/01/2020,Watford,Tottenham,0,0,D
E0,18/01/2020,Arsenal,Sheffield United,1,1,D
E0,18/01/2020,Brighton,Aston Villa,1,1,D
E0,18/01/2020,Man City,Crystal Palace,2,2,D
E0,18/01/2020,Norwich,Bournemouth,1,0,H
E0,18/01/2020,Southampton,Wolves,2,3,A
E0,18/01/2020,West Ham,Everton,1,1,D
E0,18/01/2020,Newcastle,Chelsea,1,0,H
E0,19/01/2020,Burnley,Leicester,2,1,H
E0,19/01/2020,Liverpool,Man United,2,0,H
E0,21/01/2020,Aston Villa,Watford,2,1,H
E0,21/01/2020,Bournemouth,Brighton,3,1,H
E0,21/01/2020,Crystal Palace,Southampton,0,2,A
E0,21/01/2020,Everton,Newcastle,2,2,D
E0,21/01/2020,Sheffield United,Man City,0,1,A
E0,21/01/2020,Chelsea,Arsenal,2,2,D
E0,22/01/2020,Leicester,West Ham,4,1,H
E0,22/01/2020,Tottenham,Norwich,2,1,H
E0,22/01/2020,Man United,Burnley,0,2,A
E0,23/01/2020,Wolves,Liverpool,1,2,A
E0,29/01/2020,West Ham,Liverpool,0,2,A
E0,01/02/2020,Leicester,Chelsea,2,2,D
E0,01/02/2020,Bournemouth,Aston Villa,2,1,H
E0,01/02/2020,Crystal Palace,Sheffield United,0,1,A
E0,01/02/2020,Liverpool,Southampton,4,0,H
E0,01/02/2020,Newcastle,Norwich,0,0,D
E0,01/02/2020,Watford,Everton,2,3,A
E0,01/02/2020,West Ham,Brighton,3,3,D
E0,01/02/2020,Man United,Wolves,0,0,D
E0,02/02/2020,Burnley,Arsenal,0,0,D
E0,02/02/2020,Tottenham,Man City,2,0,H
E0,08/02/2020,Everton,Crystal Palace,3,1,H
E0,08/02/2020,Brighton,Watford,1,1,D
E0,09/02/2020,Sheffield United,Bournemouth,2,1,H
E0,14/02/2020,Wolves,Leicester,0,0,D
E0,15/02/2020,Southampton,Burnley,1,2,A
E0,15/02/2020,Norwich,Liverpool,0,1,A
E0,16/02/2020,Aston Villa,Tottenham,2,3,A
E0,16/02/2020,Arsenal,Newcastle,4,0,H
E0,17/02/2020,Chelsea,Man United,0,2,A
E0,19/02/2020,Man City,West Ham,2,0,H
E0,22/02/2020,Chelsea,Tottenham,2,1,H
E0,22/02/2020,Burnley,Bournemouth,3,0,H
E0,22/02/2020,Crystal Palace,Newcastle,1,0,H
E0,22/02/2020,Sheffield United,Brighton,1,1,D
E0,22/02/2020,Southampton,Aston Villa,2,0,H
E0,22/02/2020,Leicester,Man City,0,1,A
E0,23/02/2020,Man United,Watford,3,0,H
E0,23/02/2020,Wolves,Norwich,3,0,H
E0,23/02/2020,Arsenal,Everton,3,2,H
E0,24/02/2020,Liverpool,West Ham,3,2,H
E0,28/02/2020,Norwich,Leicester,1,0,H
E0,29/02/2020,Brighton,Crystal Palace,0,1,A
E0,29/02/2020,Bournemouth,Chelsea,2,2,D
E0,29/02/2020,Newcastle,Burnley,0,0,D
E0,29/02/2020,West Ham,Southampton,3,1,H
E0,29/02/2020,Watford,Liverpool,3,0,H
E0,01/03/2020,Everton,Man United,1,1,D
E0,01/03/2020,Tottenham,Wolves,2,3,A
E0,07/03/2020,Liverpool,Bournemouth,2,1,H
E0,07/03/2020,Arsenal,West Ham,1,0,H
E0,07/03/2020,Crystal Palace,Watford,1,0,H
E0,07/03/2020,Sheffield United,Norwich,1,0,H
E0,07/03/2020,Southampton,Newcastle,0,1,A
E0,07/03/2020,Wolves,Brighton,0,0,D
E0,07/03/2020,Burnley,Tottenham,1,1,D
E0,08/03/2020,Chelsea,Everton,4,0,H
E0,08/03/2020,Man United,Man City,2,0,H
E0,09/03/2020,Leicester,Aston Villa,4,0,H
E0,17/06/2020,Aston Villa,Sheffield United,0,0,D
E0,17/06/2020,Man City,Arsenal,3,0,H
E0,19/06/2020,Norwich,Southampton,0,3,A
E0,19/06/2020,Tottenham,Man United,1,1,D
E0,20/06/2020,Watford,Leicester,1,1,D
E0,20/06/2020,Brighton,Arsenal,2,1,H
E0,20/06/2020,West Ham,Wolves,0,2,A
E0,20/06/2020,Bournemouth,Crystal Palace,0,2,A
E0,21/06/2020,Newcastle,Sheffield United,3,0,H
E0,21/06/2020,Aston Villa,Chelsea,1,2,A
E0,21/06/2020,Everton,Liverpool,0,0,D
E0,22/06/2020,Man City,Burnley,5,0,H
E0,23/06/2020,Leicester,Brighton,0,0,D
E0,23/06/2020,Tottenham,West Ham,2,0,H
E0,24/06/2020,Man United,Sheffield United,3,0,H
E0,24/06/2020,Newcastle,Aston Villa,1,1,D
E0,24/06/2020,Norwich,Everton,0,1,A
E0,24/06/2020,Wolves,Bournemouth,1,0,H
E0,24/06/2020,Liverpool,Crystal Palace,4,0,H
E0,25/06/2020,Burnley,Watford,1,0,H
E0,25/06/2020,Southampton,Arsenal,0,2,A
E0,25/06/2020,Chelsea,Man City,2,1,H
E0,27/06/2020,Aston Villa,Wolves,0,1,A
E0,28/06/2020,Watford,Southampton,1,3,A
E0,29/06/2020,Crystal Palace,Burnley,0,1,A
E0,30/06/2020,Brighton,Man United,0,3,A
E0,01/07/2020,Arsenal,Norwich,4,0,H
E0,01/07/2020,Bournemouth,Newcastle,1,4,A
E0,01/07/2020,Everton,Leicester,2,1,H
E0,01/07/2020,West Ham,Chelsea,3,2,H
E0,02/07/2020,Sheffield United,Tottenham,3,1,H
E0,02/07/2020,Man City,Liverpool,4,0,H
E0,04/07/2020,Norwich,Brighton,0,1,A
E0,04/07/2020,Leicester,Crystal Palace,3,0,H
E0,04/07/2020,Man United,Bournemouth,5,2,H
E0,04/07/2020,Wolves,Arsenal,0,2,A
E0,04/07/2020,Chelsea,Watford,3,0,H
E0,05/07/2020,Burnley,Sheffield United,1,1,D
E0,05/07/2020,Newcastle,West Ham,2,2,D
E0,05/07/2020,Liverpool,Aston Villa,2,0,H
E0,05/07/2020,Southampton,Man City,1,0,H
E0,06/07/2020,Tottenham,Everton,1,0,H
E0,07/07/2020,Crystal Palace,Chelsea,2,3,A
E0,07/07/2020,Watford,Norwich,2,1,H
E0,07/07/2020,Arsenal,Leicester,1,1,D
E0,08/07/2020,Man City,Newcastle,5,0,H
E0,08/07/2020,Sheffield United,Wolves,1,0,H
E0,08/07/2020,West Ham,Burnley,0,1,A
E0,08/07/2020,Brighton,Liverpool,1,3,A
E0,09/07/2020,Bournemouth,Tottenham,0,0,D
E0,09/07/2020,Everton,Southampton,1,1,D
E0,09/07/2020,Aston Villa,Man United,0,3,A
E0,11/07/2020,Norwich,West Ham,0,4,A
E0,11/07/2020,Watford,Newcastle,2,1,H
E0,11/07/2020,Liverpool,Burnley,1,1,D
E0,11/07/2020,Sheffield United,Chelsea,3,0,H
E0,11/07/2020,Brighton,Man City,0,5,A
E0,12/07/2020,Wolves,Everton,3,0,H
E0,12/07/2020,Aston Villa,Crystal Palace,2,0,H
E0,12/07/2020,Tottenham,Arsenal,2,1,H
E0,12/07/2020,Bournemouth,Leicester,4,1,H
E0,13/07/2020,Man United,Southampton,2,2,D
E0,14/07/2020,Chelsea,Norwich,1,0,H
E0,15/07/2020,Burnley,Wolves,1,1,D
E0,15/07/2020,Man City,Bournemouth,2,1,H
E0,15/07/2020,Newcastle,Tottenham,1,3,A
E0,15/07/2020,Arsenal,Liverpool,2,1,H
E0,16/07/2020,Everton,Aston Villa,1,1,D
E0,16/07/2020,Leicester,Sheffield United,2,0,H
E0,16/07/2020,Crystal Palace,Man United,0,2,A
E0,16/07/2020,Southampton,Brighton,1,1,D
E0,17/07/2020,West Ham,Watford,3,1,H
E0,18/07/2020,Norwich,Burnley,0,2,A
E0,19/07/2020,Bournemouth,Southampton,0,2,A
E0,19/07/2020,Tottenham,Leicester,3,0,H
E0,20/07/2020,Brighton,Newcastle,0,0,D
E0,20/07/2020,Sheffield United,Everton,0,1,A
E0,20/07/2020,Wolves,Crystal Palace,2,0,H
E0,21/07/2020,Watford,Man City,0,4,A
E0,21/07/2020,Aston Villa,Arsenal,1,0,H
E0,22/07/2020,Man United,West Ham,1,1,D
E0,22/07/2020,Liverpool,Chelsea,5,3,H
E0,26/07/2020,Arsenal,Watford,3,2,H
E0,26/07/2020,Burnley,Brighton,1,2,A
E0,26/07/2020,Chelsea,Wolves,2,0,H
E0,26/07/2020,Crystal Palace,Tottenham,1,1,D
E0,26/07/2020,Everton,Bournemouth,1,3,A
E0,26/07/2020,Leicester,Man United,0,2,A
E0,26/07/2020,Man City,Norwich,5,0,H
E0,26/07/2020,Newcastle,Liverpool,1,3,A
E0,26/07/2020,Southampton,Sheffield United,3,1,H
E0,26/07/2020,West Ham,Aston Villa,1,1,D
E0,10/08/2018,Man United,Leicester,2,1,H
E0,11/08/2018,Bournemouth,Cardiff,2,0,H
E0,11/08/2018,Fulham,Crystal Palace,0,2,A
E0,11/08/2018,Huddersfield,Chelsea,0,3,A
E0,11/08/2018,Newcastle,Tottenham,1,2,A
E0,11/08/2018,Watford,Brighton,2,0,H
E0,11/08/2018,Wolves,Everton,2,2,D
E0,12/08/2018,Arsenal,Man City,0,2,A
E0,12/08/2018,Liverpool,West Ham,4,0,H
E0,12/08/2018,Southampton,Burnley,0,0,D
E0,18/08/2018,Cardiff,Newcastle,0,0,D
E0,18/08/2018,Chelsea,Arsenal,3,2,H
E0,18/08/2018,Everton,Southampton,2,1,H
E0,18/08/2018,Leicester,Wolves,2,0,H
E0,18/08/2018,Tottenham,Fulham,3,1,H
E0,18/08/2018,West Ham,Bournemouth,1,2,A
E0,19/08/2018,Brighton,Man United,3,2,H
E0,19/08/2018,Burnley,Watford,1,3,A
E0,19/08/2018,Man City,Huddersfield,6,1,H
E0,20/08/2018,Crystal Palace,Liverpool,0,2,A
E0,25/08/2018,Arsenal,West Ham,3,1,H
E0,25/08/2018,Bournemouth,Everton,2,2,D
E0,25/08/2018,Huddersfield,Cardiff,0,0,D
E0,25/08/2018,Liverpool,Brighton,1,0,H
E0,25/08/2018,Southampton,Leicester,1,2,A
E0,25/08/2018,Wolves,Man City,1,1,D
E0,26/08/2018,Fulham,Burnley,4,2,H
E0,26/08/2018,Newcastle,Chelsea,1,2,A
E0,26/08/2018,Watford,Crystal Palace,2,1,H
E0,27/08/2018,Man United,Tottenham,0,3,A
E0,01/09/2018,Brighton,Fulham,2,2,D
E0,01/09/2018,Chelsea,Bournemouth,2,0,H
E0,01/09/2018,Crystal Palace,Southampton,0,2,A
E0,01/09/2018,Everton,Huddersfield,1,1,D
E0,01/09/2018,Leicester,Liverpool,1,2,A
E0,01/09/2018,Man City,Newcastle,2,1,H
E0,01/09/2018,West Ham,Wolves,0,1,A
E0,02/09/2018,Burnley,Man United,0,2,A
E0,02/09/2018,Cardiff,Arsenal,2,3,A
E0,02/09/2018,Watford,Tottenham,2,1,H
E0,15/09/2018,Bournemouth,Leicester,4,2,H
E0,15/09/2018,Chelsea,Cardiff,4,1,H
E0,15/09/2018,Huddersfield,Crystal Palace,0,1,A
E0,15/09/2018,Man City,Fulham,3,0,H
E0,15/09/2018,Newcastle,Arsenal,1,2,A
E0,15/09/2018,Tottenham,Liverpool,1,2,A
E0,15/09/2018,Watford,Man United,1,2,A
E0,16/09/2018,Everton,West Ham,1,3,A
E0,16/09/2018,Wolves,Burnley,1,0,H
E0,17/09/2018,Southampton,Brighton,2,2,D
E0,22/09/2018,Brighton,Tottenham,1,2,A
E0,22/09/2018,Burnley,Bournemouth,4,0,H
E0,22/09/2018,Cardiff,Man City,0,5,A
E0,22/09/2018,Crystal Palace,Newcastle,0,0,D
E0,22/09/2018,Fulham,Watford,1,1,D
E0,22/09/2018,Leicester,Huddersfield,3,1,H
E0,22/09/2018,Liverpool,Southampton,3,0,H
E0,22/09/2018,Man United,Wolves,1,1,D
E0,23/09/2018,Arsenal,Everton,2,0,H
E0,23/09/2018,West Ham,Chelsea,0,0,D
E0,29/09/2018,Arsenal,Watford,2,0,H
E0,29/09/2018,Chelsea,Liverpool,1,1,D
E0,29/09/2018,Everton,Fulham,3,0,H
E0,29/09/2018,Huddersfield,Tottenham,0,2,A
E0,29/09/2018,Man City,Brighton,2,0,H
E0,29/09/2018,Newcastle,Leicester,0,2,A
E0,29/09/2018,West Ham,Man United,3,1,H
E0,29/09/2018,Wolves,Southampton,2,0,H
E0,30/09/2018,Cardiff,Burnley,1,2,A
E0,01/10/2018,Bournemouth,Crystal Palace,2,1,H
E0,05/10/2018,Brighton,West Ham,1,0,H
E0,06/10/2018,Burnley,Huddersfield,1,1,D
E0,06/10/2018,Crystal Palace,Wolves,0,1,A
E0,06/10/2018,Leicester,Everton,1,2,A
E0,06/10/2018,Man United,Newcastle,3,2,H
E0,06/10/2018,Tottenham,Cardiff,1,0,H
E0,06/10/2018,Watford,Bournemouth,0,4,A
E0,07/10/2018,Fulham,Arsenal,1,5,A
E0,07/10/2018,Liverpool,Man City,0,0,D
E0,07/10/2018,Southampton,Chelsea,0,3,A
E0,20/10/2018,Bournemouth,Southampton,0,0,D
E0,20/10/2018,Cardiff,Fulham,4,2,H
E0,20/10/2018,Chelsea,Man United,2,2,D
E0,20/10/2018,Huddersfield,Liverpool,0,1,A
E0,20/10/2018,Man City,Burnley,5,0,H
E0,20/10/2018,Newcastle,Brighton,0,1,A
E0,20/10/2018,West Ham,Tottenham,0,1,A
E0,20/10/2018,Wolves,Watford,0,2,A
E0,21/10/2018,Everton,Crystal Palace,2,0,H
E0,22/10/2018,Arsenal,Leicester,3,1,H
E0,27/10/2018,Brighton,Wolves,1,0,H
E0,27/10/2018,Fulham,Bournemouth,0,3,A
E0,27/10/2018,Leicester,West Ham,1,1,D
E0,27/10/2018,Liverpool,Cardiff,4,1,H
E0,27/10/2018,Southampton,Newcastle,0,0,D
E0,27/10/2018,Watford,Huddersfield,3,0,H
E0,28/10/2018,Burnley,Chelsea,0,4,A
E0,28/10/2018,Crystal Palace,Arsenal,2,2,D
E0,28/10/2018,Man United,Everton,2,1,H
E0,29/10/2018,Tottenham,Man City,0,1,A
E0,03/11/2018,Arsenal,Liverpool,1,1,D
E0,03/11/2018,Bournemouth,Man United,1,2,A
E0,03/11/2018,Cardiff,Leicester,0,1,A
E0,03/11/2018,Everton,Brighton,3,1,H
E0,03/11/2018,Newcastle,Watford,1,0,H
E0,03/11/2018,West Ham,Burnley,4,2,H
E0,03/11/2018,Wolves,Tottenham,2,3,A
E0,04/11/2018,Chelsea,Crystal Palace,3,1,H
E0,04/11/2018,Man City,Southampton,6,1,H
E0,05/11/2018,Huddersfield,Fulham,1,0,H
E0,10/11/2018,Cardiff,Brighton,2,1,H
E0,10/11/2018,Crystal Palace,Tottenham,0,1,A
E0,10/11/2018,Huddersfield,West Ham,1,1,D
E0,10/11/2018,Leicester,Burnley,0,0,D
E0,10/11/2018,Newcastle,Bournemouth,2,1,H
E0,10/11/2018,Southampton,Watford,1,1,D
E0,11/11/2018,Arsenal,Wolves,1,1,D
E0,11/11/2018,Chelsea,Everton,0,0,D
E0,11/11/2018,Liverpool,Fulham,2,0,H
E0,11/11/2018,Man City,Man United,3,1,H
E0,24/11/2018,Brighton,Leicester,1,1,D
E0,24/11/2018,Everton,Cardiff,1,0,H
E0,24/11/2018,Fulham,Southampton,3,2,H
E0,24/11/2018,Man United,Crystal Palace,0,0,D
E0,24/11/2018,Tottenham,Chelsea,3,1,H
E0,24/11/2018,Watford,Liverpool,0,3,A
E0,24/11/2018,West Ham,Man City,0,4,A
E0,25/11/2018,Bournemouth,Arsenal,1,2,A
E0,25/11/2018,Wolves,Huddersfield,0,2,A
E0,26/11/2018,Burnley,Newcastle,1,2,A
E0,30/11/2018,Cardiff,Wolves,2,1,H
E0,01/12/2018,Crystal Palace,Burnley,2,0,H
E0,01/12/2018,Huddersfield,Brighton,1,2,A
E0,01/12/2018,Leicester,Watford,2,0,H
E0,01/12/2018,Man City,Bournemouth,3,1,H
E0,01/12/2018,Newcastle,West Ham,0,3,A
E0,01/12/2018,Southampton,Man United,2,2,D
E0,02/12/2018,Arsenal,Tottenham,4,2,H
E0,02/12/2018,Chelsea,Fulham,2,0,H
E0,02/12/2018,Liverpool,Everton,1,0,H
E0,04/12/2018,Bournemouth,Huddersfield,2,1,H
E0,04/12/2018,Brighton,Crystal Palace,3,1,H
E0,04/12/2018,Watford,Man City,1,2,A
E0,04/12/2018,West Ham,Cardiff,3,1,H
E0,05/12/2018,Burnley,Liverpool,1,3,A
E0,05/12/2018,Everton,Newcastle,1,1,D
E0,05/12/2018,Fulham,Leicester,1,1,D
E0,05/12/2018,Man United,Arsenal,2,2,D
E0,05/12/2018,Tottenham,Southampton,3,1,H
E0,05/12/2018,Wolves,Chelsea,2,1,H
E0,08/12/2018,Arsenal,Huddersfield,1,0,H
E0,08/12/2018,Bournemouth,Liverpool,0,4,A
E0,08/12/2018,Burnley,Brighton,1,0,H
E0,08/12/2018,Cardiff,Southampton,1,0,H
E0,08/12/2018,Chelsea,Man City,2,0,H
E0,08/12/2018,Leicester,Tottenham,0,2,A
E0,08/12/2018,Man United,Fulham,4,1,H
E0,08/12/2018,West Ham,Crystal Palace,3,2,H
E0,09/12/2018,Newcastle,Wolves,1,2,A
E0,10/12/2018,Everton,Watford,2,2,D
E0,15/12/2018,Crystal Palace,Leicester,1,0,H
E0,15/12/2018,Fulham,West Ham,0,2,A
E0,15/12/2018,Huddersfield,Newcastle,0,1,A
E0,15/12/2018,Man City,Everton,3,1,H
E0,15/12/2018,Tottenham,Burnley,1,0,H
E0,15/12/2018,Watford,Cardiff,3,2,H
E0,15/12/2018,Wolves,Bournemouth,2,0,H
E0,16/12/2018,Brighton,Chelsea,1,2,A
E0,16/12/2018,Liverpool,Man United,3,1,H
E0,16/12/2018,Southampton,Arsenal,3,2,H
E0,21/12/2018,Wolves,Liverpool,0,2,A
E0,22/12/2018,Arsenal,Burnley,3,1,H
E0,22/12/2018,Bournemouth,Brighton,2,0,H
E0,22/12/2018,Cardiff,Man United,1,5,A
E0,22/12/2018,Chelsea,Leicester,0,1,A
E0,22/12/2018,Huddersfield,Southampton,1,3,A
E0,22/12/2018,Man City,Crystal Palace,2,3,A
E0,22/12/2018,Newcastle,Fulham,0,0,D
E0,22/12/2018,West Ham,Watford,0,2,A
E0,23/12/2018,Everton,Tottenham,2,6,A
E0,26/12/2018,Brighton,Arsenal,1,1,D
E0,26/12/2018,Burnley,Everton,1,5,A
E0,26/12/2018,Crystal Palace,Cardiff,0,0,D
E0,26/12/2018,Fulham,Wolves,1,1,D
E0,26/12/2018,Leicester,Man City,2,1,H
E0,26/12/2018,Liverpool,Newcastle,4,0,H
E0,26/12/2018,Man United,Huddersfield,3,1,H
E0,26/12/2018,Tottenham,Bournemouth,5,0,H
E0,26/12/2018,Watford,Chelsea,1,2,A
E0,27/12/2018,Southampton,West Ham,1,2,A
E0,29/12/2018,Brighton,Everton,1,0,H
E0,29/12/2018,Fulham,Huddersfield,1,0,H
E0,29/12/2018,Leicester,Cardiff,0,1,A
E0,29/12/2018,Liverpool,Arsenal,5,1,H
E0,29/12/2018,Tottenham,Wolves,1,3,A
E0,29/12/2018,Watford,Newcastle,1,1,D
E0,30/12/2018,Burnley,West Ham,2,0,H
E0,30/12/2018,Crystal Palace,Chelsea,0,1,A
E0,30/12/2018,Man United,Bournemouth,4,1,H
E0,30/12/2018,Southampton,Man City,1,3,A
E0,01/01/2019,Arsenal,Fulham,4,1,H
E0,01/01/2019,Cardiff,Tottenham,0,3,A
E0,01/01/2019,Everton,Leicester,0,1,A
E0,02/01/2019,Bournemouth,Watford,3,3,D
E0,02/01/2019,Chelsea,Southampton,0,0,D
E0,02/01/2019,Huddersfield,Burnley,1,2,A
E0,02/01/2019,Newcastle,Man United,0,2,A
E0,02/01/2019,West Ham,Brighton,2,2,D
E0,02/01/2019,Wolves,Crystal Palace,0,2,A
E0,03/01/2019,Man City,Liverpool,2,1,H
E0,12/01/2019,Brighton,Liverpool,0,1,A
E0,12/01/2019,Burnley,Fulham,2,1,H
E0,12/01/2019,Cardiff,Huddersfield,0,0,D
E0,12/01/2019,Chelsea,Newcastle,2,1,H
E0,12/01/2019,Crystal Palace,Watford,1,2,A
E0,12/01/2019,Leicester,Southampton,1,2,A
E0,12/01/2019,West Ham,Arsenal,1,0,H
E0,13/01/2019,Everton,Bournemouth,2,0,H
E0,13/01/2019,Tottenham,Man United,0,1,A
E0,14/01/2019,Man City,Wolves,3,0,H
E0,19/01/2019,Arsenal,Chelsea,2,0,H
E0,19/01/2019,Bournemouth,West Ham,2,0,H
E0,19/01/2019,Liverpool,Crystal Palace,4,3,H
E0,19/01/2019,Man United,Brighton,2,1,H
E0,19/01/2019,Newcastle,Cardiff,3,0,H
E0,19/01/2019,Southampton,Everton,2,1,H
E0,19/01/2019,Watford,Burnley,0,0,D
E0,19/01/2019,Wolves,Leicester,4,3,H
E0,20/01/2019,Fulham,Tottenham,1,2,A
E0,20/01/2019,Huddersfield,Man City,0,3,A
E0,29/01/2019,Arsenal,Cardiff,2,1,H
E0,29/01/2019,Fulham,Brighton,4,2,H
E0,29/01/2019,Huddersfield,Everton,0,1,A
E0,29/01/2019,Man United,Burnley,2,2,D
E0,29/01/2019,Newcastle,Man City,2,1,H
E0,29/01/2019,Wolves,West Ham,3,0,H
E0,30/01/2019,Bournemouth,Chelsea,4,0,H
E0,30/01/2019,Liverpool,Leicester,1,1,D
E0,30/01/2019,Southampton,Crystal Palace,1,1,D
E0,30/01/2019,Tottenham,Watford,2,1,H
E0,02/02/2019,Brighton,Watford,0,0,D
E0,02/02/2019,Burnley,Southampton,1,1,D
E0,02/02/2019,Cardiff,Bournemouth,2,0,H
E0,02/02/2019,Chelsea,Huddersfield,5,0,H
E0,02/02/2019,Crystal Palace,Fulham,2,0,H
E0,02/02/2019,Everton,Wolves,1,3,A
E0,02/02/2019,Tottenham,Newcastle,1,0,H
E0,03/02/2019,Leicester,Man United,0,1,A
E0,03/02/2019,Man City,Arsenal,3,1,H
E0,04/02/2019,West Ham,Liverpool,1,1,D
E0,06/02/2019,Everton,Man City,0,2,A
E0,09/02/2019,Brighton,Burnley,1,3,A
E0,09/02/2019,Crystal Palace,West Ham,1,1,D
E0,09/02/2019,Fulham,Man United,0,3,A
E0,09/02/2019,Huddersfield,Arsenal,1,2,A
E0,09/02/2019,Liverpool,Bournemouth,3,0,H
E0,09/02/2019,Southampton,Cardiff,1,2,A
E0,09/02/2019,Watford,Everton,1,0,H
E0,10/02/2019,Man City,Chelsea,6,0,H
E0,10/02/2019,Tottenham,Leicester,3,1,H
E0,11/02/2019,Wolves,Newcastle,1,1,D
E0,22/02/2019,Cardiff,Watford,1,5,A
E0,22/02/2019,West Ham,Fulham,3,1,H
E0,23/02/2019,Bournemouth,Wolves,1,1,D
E0,23/02/2019,Burnley,Tottenham,2,1,H
E0,23/02/2019,Leicester,Crystal Palace,1,4,A
E0,23/02/2019,Newcastle,Huddersfield,2,0,H
E0,24/02/2019,Arsenal,Southampton,2,0,H
E0,24/02/2019,Man United,Liverpool,0,0,D
E0,26/02/2019,Cardiff,Everton,0,3,A
E0,26/02/2019,Huddersfield,Wolves,1,0,H
E0,26/02/2019,Leicester,Brighton,2,1,H
E0,26/02/2019,Newcastle,Burnley,2,0,H
E0,27/02/2019,Arsenal,Bournemouth,5,1,H
E0,27/02/2019,Chelsea,Tottenham,2,0,H
E0,27/02/2019,Crystal Palace,Man United,1,3,A
E0,27/02/2019,Liverpool,Watford,5,0,H
E0,27/02/2019,Man City,West Ham,1,0,H
E0,27/02/2019,Southampton,Fulham,2,0,H
E0,02/03/2019,Bournemouth,Man City,0,1,A
E0,02/03/2019,Brighton,Huddersfield,1,0,H
E0,02/03/2019,Burnley,Crystal Palace,1,3,A
E0,02/03/2019,Man United,Southampton,3,2,H
E0,02/03/2019,Tottenham,Arsenal,1,1,D
E0,02/03/2019,West Ham,Newcastle,2,0,H
E0,02/03/2019,Wolves,Cardiff,2,0,H
E0,03/03/2019,Everton,Liverpool,0,0,D
E0,03/03/2019,Fulham,Chelsea,1,2,A
E0,03/03/2019,Watford,Leicester,2,1,H
E0,09/03/2019,Cardiff,West Ham,2,0,H
E0,09/03/2019,Crystal Palace,Brighton,1,2,A
E0,09/03/2019,Huddersfield,Bournemouth,0,2,A
E0,09/03/2019,Leicester,Fulham,3,1,H
E0,09/03/2019,Man City,Watford,3,1,H
E0,09/03/2019,Newcastle,Everton,3,2,H
E0,09/03/2019,Southampton,Tottenham,2,1,H
E0,10/03/2019,Arsenal,Man United,2,0,H
E0,10/03/2019,Chelsea,Wolves,1,1,D
E0,10/03/2019,Liverpool,Burnley,4,2,H
E0,16/03/2019,Bournemouth,Newcastle,2,2,D
E0,16/03/2019,Burnley,Leicester,1,2,A
E0,16/03/2019,West Ham,Huddersfield,4,3,H
E0,17/03/2019,Everton,Chelsea,2,0,H
E0,17/03/2019,Fulham,Liverpool,1,2,A
E0,30/03/2019,Brighton,Southampton,0,1,A
E0,30/03/2019,Burnley,Wolves,2,0,H
E0,30/03/2019,Crystal Palace,Huddersfield,2,0,H
E0,30/03/2019,Fulham,Man City,0,2,A
E0,30/03/2019,Leicester,Bournemouth,2,0,H
E0,30/03/2019,Man United,Watford,2,1,H
E0,30/03/2019,West Ham,Everton,0,2,A
E0,31/03/2019,Cardiff,Chelsea,1,2,A
E0,31/03/2019,Liverpool,Tottenham,2,1,H
E0,01/04/2019,Arsenal,Newcastle,2,0,H
E0,02/04/2019,Watford,Fulham,4,1,H
E0,02/04/2019,Wolves,Man United,2,1,H
E0,03/04/2019,Chelsea,Brighton,3,0,H
E0,03/04/2019,Man City,Cardiff,2,0,H
E0,03/04/2019,Tottenham,Crystal Palace,2,0,H
E0,05/04/2019,Southampton,Liverpool,1,3,A
E0,06/04/2019,Bournemouth,Burnley,1,3,A
E0,06/04/2019,Huddersfield,Leicester,1,4,A
E0,06/04/2019,Newcastle,Crystal Palace,0,1,A
E0,07/04/2019,Everton,Arsenal,1,0,H
E0,08/04/2019,Chelsea,West Ham,2,0,H
E0,12/04/2019,Leicester,Newcastle,0,1,A
E0,13/04/2019,Brighton,Bournemouth,0,5,A
E0,13/04/2019,Burnley,Cardiff,2,0,H
E0,13/04/2019,Fulham,Everton,2,0,H
E0,13/04/2019,Man United,West Ham,2,1,H
E0,13/04/2019,Southampton,Wolves,3,1,H
E0,13/04/2019,Tottenham,Huddersfield,4,0,H
E0,14/04/2019,Crystal Palace,Man City,1,3,A
E0,14/04/2019,Liverpool,Chelsea,2,0,H
E0,15/04/2019,Watford,Arsenal,0,1,A
E0,16/04/2019,Brighton,Cardiff,0,2,A
E0,20/04/2019,Bournemouth,Fulham,0,1,A
E0,20/04/2019,Huddersfield,Watford,1,2,A
E0,20/04/2019,Man City,Tottenham,1,0,H
E0,20/04/2019,Newcastle,Southampton,3,1,H
E0,20/04/2019,West Ham,Leicester,2,2,D
E0,20/04/2019,Wolves,Brighton,0,0,D
E0,21/04/2019,Arsenal,Crystal Palace,2,3,A
E0,21/04/2019,Cardiff,Liverpool,0,2,A
E0,21/04/2019,Everton,Man United,4,0,H
E0,22/04/2019,Chelsea,Burnley,2,2,D
E0,23/04/2019,Tottenham,Brighton,1,0,H
E0,23/04/2019,Watford,Southampton,1,1,D
E0,24/04/2019,Man United,Man City,0,2,A
E0,24/04/2019,Wolves,Arsenal,3,1,H
E0,26/04/2019,Liverpool,Huddersfield,5,0,H
E0,27/04/2019,Brighton,Newcastle,1,1,D
E0,27/04/2019,Crystal Palace,Everton,0,0,D
E0,27/04/2019,Fulham,Cardiff,1,0,H
E0,27/04/2019,Southampton,Bournemouth,3,3,D
E0,27/04/2019,Tottenham,West Ham,0,1,A
E0,27/04/2019,Watford,Wolves,1,2,A
E0,28/04/2019,Burnley,Man City,0,1,A
E0,28/04/2019,Leicester,Arsenal,3,0,H
E0,28/04/2019,Man United,Chelsea,1,1,D
E0,03/05/2019,Everton,Burnley,2,0,H
E0,04/05/2019,Bournemouth,Tottenham,1,0,H
E0,04/05/2019,Cardiff,Crystal Palace,2,3,A
E0,04/05/2019,Newcastle,Liverpool,2,3,A
E0,04/05/2019,West Ham,Southampton,3,0,H
E0,04/05/2019,Wolves,Fulham,1,0,H
E0,05/05/2019,Arsenal,Brighton,1,1,D
E0,05/05/2019,Chelsea,Watford,3,0,H
E0,05/05/2019,Huddersfield,Man United,1,1,D
E0,06/05/2019,Man City,Leicester,1,0,H
E0,12/05/2019,Brighton,Man City,1,4,A
E0,12/05/2019,Burnley,Arsenal,1,3,A
E0,12/05/2019,Crystal Palace,Bournemouth,5,3,H
E0,12/05/2019,Fulham,Newcastle,0,4,A
E0,12/05/2019,Leicester,Chelsea,0,0,D
E0,12/05/2019,Liverpool,Wolves,2,0,H
E0,12/05/2019,Man United,Cardiff,0,2,A
E0,12/05/2019,Southampton,Huddersfield,1,1,D
E0,12/05/2019,Tottenham,Everton,2,2,D
E0,12/05/2019,Watford,West Ham,1,4,A