Div,Date,Time,HomeTeam,AwayTeam,FTHG,FTAG,FTR
E0,05/08/2022,20:00,Crystal Palace,Arsenal,0,2,A
E0,06/08/2022,12:30,Fulham,Liverpool,2,2,D
E0,06/08/2022,15:00,Bournemouth,Aston Villa,2,0,H
E0,06/08/2022,15:00,Tottenham,Southampton,4,1,H
E0,06/08/2022,17:30,Everton,Chelsea,0,1,A
E0,07/08/2022,14:00,Man United,Brighton,1,2,A
E0,07/08/2022,16:30,West Ham,Man City,0,2,A
E0,13/08/2022,12:30,Aston Villa,Everton,2,1,H
E0,13/08/2022,15:00,Arsenal,Leicester,4,2,H
E0,13/08/2022,15:00,Brighton,Newcastle,0,0,D
E0,13/08/2022,15:00,Man City,Bournemouth,4,0,H
E0,13/08/2022,15:00,Southampton,Leeds,2,2,D
E0,14/08/2022,16:30,Chelsea,Tottenham,2,2,D
E0,15/08/2022,20:00,Liverpool,Crystal Palace,1,1,D
E0,20/08/2022,15:00,Crystal Palace,Aston Villa,3,1,H
E0,20/08/2022,15:00,Leicester,Southampton,1,2,A
E0,20/08/2022,17:30,Bournemouth,Arsenal,0,3,A
E0,21/08/2022,14:00,Leeds,Chelsea,3,0,H
E0,21/08/2022,14:00,West Ham,Brighton,0,2,A
E0,21/08/2022,16:30,Newcastle,Man City,3,3,D
E0,22/08/2022,20:00,Man United,Liverpool,2,1,H
E0,27/08/2022,12:30,Southampton,Man United,0,1,A
E0,27/08/2022,15:00,Brighton,Leeds,1,0,H
E0,27/08/2022,15:00,Chelsea,Leicester,2,1,H
E0,27/08/2022,15:00,Liverpool,Bournemouth,9,0,H
E0,27/08/2022,15:00,Man City,Crystal Palace,4,2,H
E0,27/08/2022,17:30,Arsenal,Fulham,2,1,H
E0,28/08/2022,14:00,Aston Villa,West Ham,0,1,A
E0,30/08/2022,19:30,Fulham,Brighton,2,1,H
E0,30/08/2022,19:45,Southampton,Chelsea,2,1,H
E0,30/08/2022,20:00,Leeds,Everton,1,1,D
E0,31/08/2022,19:30,Arsenal,Aston Villa,2,1,H
E0,31/08/2022,19:45,West Ham,Tottenham,1,1,D
E0,31/08/2022,20:00,Liverpool,Newcastle,2,1,H
E0,01/09/2022,20:00,Leicester,Man United,0,1,A
E0,03/09/2022,12:30,Everton,Liverpool,0,0,D
E0,03/09/2022,15:00,Chelsea,West Ham,2,1,H
E0,03/09/2022,15:00,Newcastle,Crystal Palace,0,0,D
E0,03/09/2022,15:00,Tottenham,Fulham,2,1,H
E0,03/09/2022,17:30,Aston Villa,Man City,1,1,D
E0,04/09/2022,14:00,Brighton,Leicester,5,2,H
E0,04/09/2022,16:30,Man United,Arsenal,3,1,H
E0,16/09/2022,20:00,Aston Villa,Southampton,1,0,H
E0,17/09/2022,15:00,Newcastle,Bournemouth,1,1,D
E0,17/09/2022,17:30,Tottenham,Leicester,6,2,H
E0,18/09/2022,14:15,Everton,West Ham,1,0,H
E0,01/10/2022,12:30,Arsenal,Tottenham,3,1,H
E0,01/10/2022,15:00,Crystal Palace,Chelsea,1,2,A
E0,01/10/2022,15:00,Fulham,Newcastle,1,4,A
E0,01/10/2022,15:00,Liverpool,Brighton,3,3,D
E0,01/10/2022,15:00,Southampton,Everton,1,2,A
E0,02/10/2022,14:00,Man City,Man United,6,3,H
E0,02/10/2022,16:30,Leeds,Aston Villa,0,0,D
E0,08/10/2022,15:00,Bournemouth,Leicester,2,1,H
E0,08/10/2022,15:00,Man City,Southampton,4,0,H
E0,08/10/2022,17:30,Brighton,Tottenham,0,1,A
E0,09/10/2022,14:00,Crystal Palace,Leeds,2,1,H
E0,09/10/2022,14:00,West Ham,Fulham,3,1,H
E0,09/10/2022,16:30,Arsenal,Liverpool,3,2,H
E0,09/10/2022,19:00,Everton,Man United,1,2,A
E0,15/10/2022,12:30,Leicester,Crystal Palace,0,0,D
E0,15/10/2022,15:00,Fulham,Bournemouth,2,2,D
E0,15/10/2022,17:30,Tottenham,Everton,2,0,H
E0,16/10/2022,14:00,Aston Villa,Chelsea,0,2,A
E0,16/10/2022,14:00,Leeds,Arsenal,0,1,A
E0,16/10/2022,14:00,Man United,Newcastle,0,0,D
E0,16/10/2022,14:00,Southampton,West Ham,1,1,D
E0,16/10/2022,16:30,Liverpool,Man City,1,0,H
E0,19/10/2022,19:30,Bournemouth,Southampton,0,1,A
E0,19/10/2022,19:30,Liverpool,West Ham,1,0,H
E0,19/10/2022,19:30,Newcastle,Everton,1,0,H
E0,19/10/2022,20:15,Man United,Tottenham,2,0,H
E0,20/10/2022,19:30,Fulham,Aston Villa,3,0,H
E0,20/10/2022,20:15,Leicester,Leeds,2,0,H
E0,22/10/2022,15:00,Everton,Crystal Palace,3,0,H
E0,22/10/2022,15:00,Man City,Brighton,3,1,H
E0,22/10/2022,17:30,Chelsea,Man United,1,1,D
E0,23/10/2022,14:00,Leeds,Fulham,2,3,A
E0,23/10/2022,14:00,Southampton,Arsenal,1,1,D
E0,23/10/2022,16:30,Tottenham,Newcastle,1,2,A
E0,24/10/2022,20:00,West Ham,Bournemouth,2,0,H
E0,29/10/2022,12:30,Leicester,Man City,0,1,A
E0,29/10/2022,15:00,Bournemouth,Tottenham,2,3,A
E0,29/10/2022,15:00,Brighton,Chelsea,4,1,H
E0,29/10/2022,15:00,Crystal Palace,Southampton,1,0,H
E0,29/10/2022,15:00,Newcastle,Aston Villa,4,0,H
E0,29/10/2022,17:30,Fulham,Everton,0,0,D
E0,29/10/2022,19:45,Liverpool,Leeds,1,2,A
E0,30/10/2022,16:15,Man United,West Ham,1,0,H
E0,05/11/2022,15:00,Leeds,Bournemouth,4,3,H
E0,05/11/2022,15:00,Man City,Fulham,2,1,H
E0,05/11/2022,17:30,Everton,Leicester,0,2,A
E0,06/11/2022,12:00,Chelsea,Arsenal,0,1,A
E0,06/11/2022,14:00,Aston Villa,Man United,3,1,H
E0,06/11/2022,14:00,Southampton,Newcastle,1,4,A
E0,06/11/2022,14:00,West Ham,Crystal Palace,1,2,A
E0,06/11/2022,16:30,Tottenham,Liverpool,1,2,A
E0,12/11/2022,15:00,Bournemouth,Everton,3,0,H
E0,12/11/2022,15:00,Liverpool,Southampton,3,1,H
E0,12/11/2022,15:00,Tottenham,Leeds,4,3,H
E0,12/11/2022,15:00,West Ham,Leicester,0,2,A
E0,12/11/2022,17:30,Newcastle,Chelsea,1,0,H
E0,13/11/2022,14:00,Brighton,Aston Villa,1,2,A
E0,13/11/2022,16:30,Fulham,Man United,1,2,A
E0,26/12/2022,15:00,Crystal Palace,Fulham,0,3,A
E0,26/12/2022,15:00,Leicester,Newcastle,0,3,A
E0,26/12/2022,15:00,Southampton,Brighton,1,3,A
E0,26/12/2022,17:30,Aston Villa,Liverpool,1,3,A
E0,26/12/2022,20:00,Arsenal,West Ham,3,1,H
E0,27/12/2022,17:30,Chelsea,Bournemouth,2,0,H
E0,28/12/2022,20:00,Leeds,Man City,1,3,A
E0,30/12/2022,20:00,Liverpool,Leicester,2,1,H
E0,31/12/2022,15:00,Bournemouth,Crystal Palace,0,2,A
E0,31/12/2022,15:00,Fulham,Southampton,2,1,H
E0,31/12/2022,15:00,Man City,Everton,1,1,D
E0,31/12/2022,15:00,Newcastle,Leeds,0,0,D
E0,31/12/2022,17:30,Brighton,Arsenal,2,4,A
E0,01/01/2023,14:00,Tottenham,Aston Villa,0,2,A
E0,03/01/2023,19:45,Arsenal,Newcastle,0,0,D
E0,03/01/2023,19:45,Everton,Brighton,1,4,A
E0,03/01/2023,19:45,Leicester,Fulham,0,1,A
E0,03/01/2023,20:00,Man United,Bournemouth,3,0,H
E0,04/01/2023,19:45,Leeds,West Ham,2,2,D
E0,04/01/2023,20:00,Crystal Palace,Tottenham,0,4,A
E0,05/01/2023,20:00,Chelsea,Man City,0,1,A
E0,12/01/2023,20:00,Fulham,Chelsea,2,1,H
E0,13/01/2023,20:00,Aston Villa,Leeds,2,1,H
E0,14/01/2023,12:30,Man United,Man City,2,1,H
E0,14/01/2023,15:00,Brighton,Liverpool,3,0,H
E0,14/01/2023,15:00,Everton,Southampton,1,2,A
E0,15/01/2023,14:00,Chelsea,Crystal Palace,1,0,H
E0,15/01/2023,14:00,Newcastle,Fulham,1,0,H
E0,15/01/2023,16:30,Tottenham,Arsenal,0,2,A
E0,18/01/2023,20:00,Crystal Palace,Man United,1,1,D
E0,19/01/2023,20:00,Man City,Tottenham,4,2,H
E0,21/01/2023,12:30,Liverpool,Chelsea,0,0,D
E0,21/01/2023,15:00,Leicester,Brighton,2,2,D
E0,21/01/2023,15:00,Southampton,Aston Villa,0,1,A
E0,21/01/2023,15:00,West Ham,Everton,2,0,H
E0,21/01/2023,17:30,Crystal Palace,Newcastle,0,0,D
E0,22/01/2023,16:30,Arsenal,Man United,3,2,H
E0,23/01/2023,20:00,Fulham,Tottenham,0,1,A
E0,03/02/2023,20:00,Chelsea,Fulham,0,0,D
E0,04/02/2023,12:30,Everton,Arsenal,1,0,H
E0,04/02/2023,15:00,Aston Villa,Leicester,2,4,A
E0,04/02/2023,15:00,Brighton,Bournemouth,1,0,H
E0,04/02/2023,15:00,Man United,Crystal Palace,2,1,H
E0,04/02/2023,17:30,Newcastle,West Ham,1,1,D
E0,05/02/2023,16:30,Tottenham,Man City,1,0,H
E0,08/02/2023,20:00,Man United,Leeds,2,2,D
E0,11/02/2023,12:30,West Ham,Chelsea,1,1,D
E0,11/02/2023,15:00,Crystal Palace,Brighton,1,1,D
E0,11/02/2023,15:00,Leicester,Tottenham,4,1,H
E0,11/02/2023,17:30,Bournemouth,Newcastle,1,1,D
E0,12/02/2023,14:00,Leeds,Man United,0,2,A
E0,12/02/2023,16:30,Man City,Aston Villa,3,1,H
E0,13/02/2023,20:00,Liverpool,Everton,2,0,H
E0,15/02/2023,19:30,Arsenal,Man City,1,3,A
E0,18/02/2023,12:30,Aston Villa,Arsenal,2,4,A
E0,18/02/2023,15:00,Brighton,Fulham,0,1,A
E0,18/02/2023,15:00,Chelsea,Southampton,0,1,A
E0,18/02/2023,15:00,Everton,Leeds,1,0,H
E0,18/02/2023,17:30,Newcastle,Liverpool,0,2,A
E0,19/02/2023,14:00,Man United,Leicester,3,0,H
E0,19/02/2023,16:30,Tottenham,West Ham,2,0,H
E0,25/02/2023,15:00,Everton,Aston Villa,0,2,A
E0,25/02/2023,15:00,Leeds,Southampton,1,0,H
E0,25/02/2023,15:00,Leicester,Arsenal,0,1,A
E0,25/02/2023,17:30,Bournemouth,Man City,1,4,A
E0,25/02/2023,19:45,Crystal Palace,Liverpool,0,0,D
E0,26/02/2023,13:30,Tottenham,Chelsea,2,0,H
E0,01/03/2023,19:45,Arsenal,Everton,4,0,H
E0,04/03/2023,12:30,Man City,Newcastle,2,0,H
E0,04/03/2023,15:00,Arsenal,Bournemouth,3,2,H
E0,04/03/2023,15:00,Aston Villa,Crystal Palace,1,0,H
E0,04/03/2023,15:00,Brighton,West Ham,4,0,H
E0,04/03/2023,15:00,Chelsea,Leeds,1,0,H
E0,04/03/2023,17:30,Southampton,Leicester,1,0,H
E0,05/03/2023,16:30,Liverpool,Man United,7,0,H
E0,11/03/2023,12:30,Bournemouth,Liverpool,1,0,H
E0,11/03/2023,15:00,Leeds,Brighton,2,2,D
E0,11/03/2023,15:00,Leicester,Chelsea,1,3,A
E0,11/03/2023,17:30,Crystal Palace,Man City,0,1,A
E0,12/03/2023,14:00,Fulham,Arsenal,0,3,A
E0,12/03/2023,14:00,Man United,Southampton,0,0,D
E0,12/03/2023,14:00,West Ham,Aston Villa,1,1,D
E0,15/03/2023,19:30,Brighton,Crystal Palace,1,0,H
E0,18/03/2023,15:00,Aston Villa,Bournemouth,3,0,H
E0,18/03/2023,15:00,Southampton,Tottenham,3,3,D
E0,18/03/2023,17:30,Chelsea,Everton,2,2,D
E0,19/03/2023,14:00,Arsenal,Crystal Palace,4,1,H
E0,01/04/2023,12:30,Man City,Liverpool,4,1,H
E0,01/04/2023,15:00,Arsenal,Leeds,4,1,H
E0,01/04/2023,15:00,Bournemouth,Fulham,2,1,H
E0,01/04/2023,15:00,Crystal Palace,Leicester,2,1,H
E0,01/04/2023,17:30,Chelsea,Aston Villa,0,2,A
E0,02/04/2023,14:00,West Ham,Southampton,1,0,H
E0,02/04/2023,16:30,Newcastle,Man United,2,0,H
E0,03/04/2023,20:00,Everton,Tottenham,1,1,D
E0,04/04/2023,19:45,Bournemouth,Brighton,0,2,A
E0,04/04/2023,19:45,Leicester,Aston Villa,1,2,A
E0,04/04/2023,20:00,Chelsea,Liverpool,0,0,D
E0,05/04/2023,20:00,West Ham,Newcastle,1,5,A
E0,08/04/2023,12:30,Man United,Everton,2,0,H
E0,08/04/2023,15:00,Fulham,West Ham,0,1,A
E0,08/04/2023,15:00,Leicester,Bournemouth,0,1,A
E0,08/04/2023,15:00,Tottenham,Brighton,2,1,H
E0,08/04/2023,17:30,Southampton,Man City,1,4,A
E0,09/04/2023,14:00,Leeds,Crystal Palace,1,5,A
E0,09/04/2023,16:30,Liverpool,Arsenal,2,2,D
E0,15/04/2023,12:30,Aston Villa,Newcastle,3,0,H
E0,15/04/2023,15:00,Chelsea,Brighton,1,2,A
E0,15/04/2023,15:00,Everton,Fulham,1,3,A
E0,15/04/2023,15:00,Southampton,Crystal Palace,0,2,A
E0,15/04/2023,15:00,Tottenham,Bournemouth,2,3,A
E0,15/04/2023,17:30,Man City,Leicester,3,1,H
E0,16/04/2023,14:00,West Ham,Arsenal,2,2,D
E0,17/04/2023,20:00,Leeds,Liverpool,1,6,A
E0,21/04/2023,20:00,Arsenal,Southampton,3,3,D
E0,22/04/2023,12:30,Fulham,Leeds,2,1,H
E0,22/04/2023,15:00,Crystal Palace,Everton,0,0,D
E0,23/04/2023,14:00,Bournemouth,West Ham,0,4,A
E0,23/04/2023,14:00,Newcastle,Tottenham,6,1,H
E0,25/04/2023,19:45,Aston Villa,Fulham,1,0,H
E0,25/04/2023,20:00,Leeds,Leicester,1,1,D
E0,26/04/2023,19:45,West Ham,Liverpool,1,2,A
E0,26/04/2023,20:00,Man City,Arsenal,4,1,H
E0,27/04/2023,19:45,Everton,Newcastle,1,4,A
E0,27/04/2023,19:45,Southampton,Bournemouth,0,1,A
E0,27/04/2023,20:15,Tottenham,Man United,2,2,D
E0,29/04/2023,12:30,Crystal Palace,West Ham,4,3,H
E0,30/04/2023,14:00,Bournemouth,Leeds,4,1,H
E0,30/04/2023,14:00,Fulham,Man City,1,2,A
E0,30/04/2023,14:00,Man United,Aston Villa,1,0,H
E0,30/04/2023,14:00,Newcastle,Southampton,3,1,H
E0,30/04/2023,16:30,Liverpool,Tottenham,4,3,H
E0,01/05/2023,20:00,Leicester,Everton,2,2,D
E0,02/05/2023,20:00,Arsenal,Chelsea,3,1,H
E0,03/05/2023,20:00,Liverpool,Fulham,1,0,H
E0,03/05/2023,20:00,Man City,West Ham,3,0,H
E0,04/05/2023,20:00,Brighton,Man United,1,0,H
E0,06/05/2023,15:00,Bournemouth,Chelsea,1,3,A
E0,06/05/2023,15:00,Man City,Leeds,2,1,H
E0,06/05/2023,15:00,Tottenham,Crystal Palace,1,0,H
E0,07/05/2023,16:30,Newcastle,Arsenal,0,2,A
E0,07/05/2023,19:00,West Ham,Man United,1,0,H
E0,08/05/2023,15:00,Fulham,Leicester,5,3,H
E0,08/05/2023,17:30,Brighton,Everton,1,5,A
E0,13/05/2023,12:30,Leeds,Newcastle,2,2,D
E0,13/05/2023,15:00,Aston Villa,Tottenham,2,1,H
E0,13/05/2023,15:00,Crystal Palace,Bournemouth,2,0,H
E0,13/05/2023,15:00,Southampton,Fulham,0,2,A
E0,14/05/2023,14:00,Everton,Man City,0,3,A
E0,14/05/2023,16:30,Arsenal,Brighton,0,3,A
E0,15/05/2023,20:00,Leicester,Liverpool,0,3,A
E0,18/05/2023,19:30,Newcastle,Brighton,4,1,H
E0,20/05/2023,15:00,Bournemouth,Man United,0,1,A
E0,20/05/2023,15:00,Fulham,Crystal Palace,2,2,D
E0,20/05/2023,15:00,Liverpool,Aston Villa,1,1,D
E0,21/05/2023,13:30,West Ham,Leeds,3,1,H
E0,21/05/2023,14:00,Brighton,Southampton,3,1,H
E0,21/05/2023,16:00,Man City,Chelsea,1,0,H
E0,22/05/2023,20:00,Newcastle,Leicester,0,0,D
E0,24/05/2023,20:00,Brighton,Man City,1,1,D
E0,25/05/2023,20:00,Man United,Chelsea,4,1,H
E0,28/05/2023,16:30,Aston Villa,Brighton,2,1,H
E0,28/05/2023,16:30,Chelsea,Newcastle,1,1,D
E0,28/05/2023,16:30,Everton,Bournemouth,1,0,H
E0,28/05/2023,16:30,Leeds,Tottenham,1,4,A
E0,28/05/2023,16:30,Leicester,West Ham,2,1,H
E0,28/05/2023,16:30,Man United,Fulham,2,1,H
E0,28/05/2023,16:30,Southampton,Liverpool,4,4,D
E0,14/08/2021,12:30,Man United,Leeds,5,1,H
E0,14/08/2021,15:00,Burnley,Brighton,1,2,A
E0,14/08/2021,15:00,Chelsea,Crystal Palace,3,0,H
E0,14/08/2021,15:00,Everton,Southampton,3,1,H
E0,14/08/2021,15:00,Watford,Aston Villa,3,2,H
E0,15/08/2021,14:00,Newcastle,West Ham,2,4,A
E0,15/08/2021,16:30,Tottenham,Man City,1,0,H
E0,21/08/2021,12:30,Liverpool,Burnley,2,0,H
E0,21/08/2021,15:00,Aston Villa,Newcastle,2,0,H
E0,21/08/2021,15:00,Leeds,Everton,2,2,D
E0,21/08/2021,17:30,Brighton,Watford,2,0,H
E0,22/08/2021,14:00,Southampton,Man United,1,1,D
E0,22/08/2021,16:30,Arsenal,Chelsea,0,2,A
E0,23/08/2021,20:00,West Ham,Leicester,4,1,H
E0,28/08/2021,12:30,Man City,Arsenal,5,0,H
E0,28/08/2021,15:00,Brighton,Everton,0,2,A
E0,28/08/2021,15:00,Newcastle,Southampton,2,2,D
E0,28/08/2021,15:00,West Ham,Crystal Palace,2,2,D
E0,28/08/2021,17:30,Liverpool,Chelsea,1,1,D
E0,29/08/2021,14:00,Burnley,Leeds,1,1,D
E0,29/08/2021,14:00,Tottenham,Watford,1,0,H
E0,11/09/2021,12:30,Crystal Palace,Tottenham,3,0,H
E0,11/09/2021,15:00,Leicester,Man City,0,1,A
E0,11/09/2021,15:00,Man United,Newcastle,4,1,H
E0,11/09/2021,15:00,Southampton,West Ham,0,0,D
E0,11/09/2021,17:30,Chelsea,Aston Villa,3,0,H
E0,12/09/2021,16:30,Leeds,Liverpool,0,3,A
E0,13/09/2021,20:00,Everton,Burnley,3,1,H
E0,17/09/2021,20:00,Newcastle,Leeds,1,1,D
E0,18/09/2021,15:00,Burnley,Arsenal,0,1,A
E0,18/09/2021,15:00,Liverpool,Crystal Palace,3,0,H
E0,18/09/2021,15:00,Man City,Southampton,0,0,D
E0,18/09/2021,17:30,Aston Villa,Everton,3,0,H
E0,19/09/2021,14:00,Brighton,Leicester,2,1,H
E0,19/09/2021,14:00,West Ham,Man United,1,2,A
E0,19/09/2021,16:30,Tottenham,Chelsea,0,3,A
E0,25/09/2021,12:30,Chelsea,Man City,0,1,A
E0,25/09/2021,12:30,Man United,Aston Villa,0,1,A
E0,25/09/2021,15:00,Leeds,West Ham,1,2,A
E0,25/09/2021,15:00,Leicester,Burnley,2,2,D
E0,25/09/2021,15:00,Watford,Newcastle,1,1,D
E0,26/09/2021,16:30,Arsenal,Tottenham,3,1,H
E0,27/09/2021,20:00,Crystal Palace,Brighton,1,1,D
E0,02/10/2021,12:30,Man United,Everton,1,1,D
E0,02/10/2021,15:00,Chelsea,Southampton,3,1,H
E0,02/10/2021,15:00,Leeds,Watford,1,0,H
E0,02/10/2021,17:30,Brighton,Arsenal,0,0,D
E0,03/10/2021,14:00,Crystal Palace,Leicester,2,2,D
E0,03/10/2021,14:00,Tottenham,Aston Villa,2,1,H
E0,03/10/2021,16:30,Liverpool,Man City,2,2,D
E0,16/10/2021,12:30,Watford,Liverpool,0,5,A
E0,16/10/2021,15:00,Leicester,Man United,4,2,H
E0,16/10/2021,15:00,Man City,Burnley,2,0,H
E0,16/10/2021,15:00,Southampton,Leeds,1,0,H
E0,17/10/2021,14:00,Everton,West Ham,0,1,A
E0,17/10/2021,16:30,Newcastle,Tottenham,2,3,A
E0,18/10/2021,20:00,Arsenal,Crystal Palace,2,2,D
E0,22/10/2021,20:00,Arsenal,Aston Villa,3,1,H
E0,23/10/2021,15:00,Crystal Palace,Newcastle,1,1,D
E0,23/10/2021,15:00,Everton,Watford,2,5,A
E0,23/10/2021,15:00,Southampton,Burnley,2,2,D
E0,23/10/2021,17:30,Brighton,Man City,1,4,A
E0,24/10/2021,14:00,West Ham,Tottenham,1,0,H
E0,24/10/2021,16:30,Man United,Liverpool,0,5,A
E0,30/10/2021,12:30,Leicester,Arsenal,0,2,A
E0,30/10/2021,15:00,Liverpool,Brighton,2,2,D
E0,30/10/2021,15:00,Man City,Crystal Palace,0,2,A
E0,30/10/2021,15:00,Newcastle,Chelsea,0,3,A
E0,30/10/2021,15:00,Watford,Southampton,0,1,A
E0,30/10/2021,17:30,Tottenham,Man United,0,3,A
E0,31/10/2021,16:30,Aston Villa,West Ham,1,4,A
E0,05/11/2021,20:00,Southampton,Aston Villa,1,0,H
E0,06/11/2021,12:30,Man United,Man City,0,2,A
E0,06/11/2021,15:00,Chelsea,Burnley,1,1,D
E0,06/11/2021,17:30,Brighton,Newcastle,1,1,D
E0,07/11/2021,14:00,Arsenal,Watford,1,0,H
E0,07/11/2021,14:00,Everton,Tottenham,0,0,D
E0,07/11/2021,14:00,Leeds,Leicester,1,1,D
E0,07/11/2021,16:30,West Ham,Liverpool,3,2,H
E0,20/11/2021,12:30,Leicester,Chelsea,0,3,A
E0,20/11/2021,15:00,Aston Villa,Brighton,2,0,H
E0,20/11/2021,15:00,Burnley,Crystal Palace,3,3,D
E0,20/11/2021,15:00,Watford,Man United,4,1,H
E0,20/11/2021,17:30,Liverpool,Arsenal,4,0,H
E0,21/11/2021,14:00,Man City,Everton,3,0,H
E0,21/11/2021,16:30,Tottenham,Leeds,2,1,H
E0,27/11/2021,12:30,Arsenal,Newcastle,2,0,H
E0,27/11/2021,15:00,Crystal Palace,Aston Villa,1,2,A
E0,27/11/2021,15:00,Liverpool,Southampton,4,0,H
E0,27/11/2021,17:30,Brighton,Leeds,0,0,D
E0,28/11/2021,14:00,Leicester,Watford,4,2,H
E0,28/11/2021,14:00,Man City,West Ham,2,1,H
E0,28/11/2021,16:30,Chelsea,Man United,1,1,D
E0,30/11/2021,20:15,Leeds,Crystal Palace,1,0,H
E0,01/12/2021,19:30,Southampton,Leicester,2,2,D
E0,01/12/2021,19:30,Watford,Chelsea,1,2,A
E0,01/12/2021,19:30,West Ham,Brighton,1,1,D
E0,01/12/2021,20:15,Aston Villa,Man City,1,2,A
E0,01/12/2021,20:15,Everton,Liverpool,1,4,A
E0,02/12/2021,20:15,Man United,Arsenal,3,2,H
E0,04/12/2021,12:30,West Ham,Chelsea,3,2,H
E0,04/12/2021,15:00,Newcastle,Burnley,1,0,H
E0,04/12/2021,15:00,Southampton,Brighton,1,1,D
E0,04/12/2021,17:30,Watford,Man City,1,3,A
E0,05/12/2021,14:00,Man United,Crystal Palace,1,0,H
E0,05/12/2021,16:30,Aston Villa,Leicester,2,1,H
E0,06/12/2021,20:00,Everton,Arsenal,2,1,H
E0,11/12/2021,15:00,Arsenal,Southampton,3,0,H
E0,11/12/2021,15:00,Chelsea,Leeds,3,2,H
E0,11/12/2021,15:00,Liverpool,Aston Villa,1,0,H
E0,12/12/2021,14:00,Burnley,West Ham,0,0,D
E0,12/12/2021,14:00,Leicester,Newcastle,4,0,H
E0,12/12/2021,16:30,Crystal Palace,Everton,3,1,H
E0,14/12/2021,20:00,Man City,Leeds,7,0,H
E0,15/12/2021,19:30,Crystal Palace,Southampton,2,2,D
E0,15/12/2021,20:00,Arsenal,West Ham,2,0,H
E0,16/12/2021,19:45,Chelsea,Everton,1,1,D
E0,16/12/2021,20:00,Liverpool,Newcastle,3,1,H
E0,18/12/2021,17:30,Leeds,Arsenal,1,4,A
E0,19/12/2021,14:00,Newcastle,Man City,0,4,A
E0,19/12/2021,16:30,Tottenham,Liverpool,2,2,D
E0,26/12/2021,15:00,Man City,Leicester,6,3,H
E0,26/12/2021,15:00,Tottenham,Crystal Palace,3,0,H
E0,26/12/2021,15:00,West Ham,Southampton,2,3,A
E0,26/12/2021,17:30,Aston Villa,Chelsea,1,3,A
E0,27/12/2021,20:00,Newcastle,Man United,1,1,D
E0,28/12/2021,15:00,Southampton,Tottenham,1,1,D
E0,28/12/2021,15:00,Watford,West Ham,1,4,A
E0,28/12/2021,20:00,Leicester,Liverpool,1,0,H
E0,29/12/2021,19:30,Chelsea,Brighton,1,1,D
E0,30/12/2021,20:15,Man United,Burnley,3,1,H
E0,01/01/2022,12:30,Arsenal,Man City,1,2,A
E0,01/01/2022,15:00,Watford,Tottenham,0,1,A
E0,01/01/2022,17:30,Crystal Palace,West Ham,2,3,A
E0,02/01/2022,14:00,Everton,Brighton,2,3,A
E0,02/01/2022,14:00,Leeds,Burnley,3,1,H
E0,02/01/2022,16:30,Chelsea,Liverpool,2,2,D
E0,14/01/2022,20:00,Brighton,Crystal Palace,1,1,D
E0,15/01/2022,12:30,Man City,Chelsea,1,0,H
E0,15/01/2022,15:00,Newcastle,Watford,1,1,D
E0,15/01/2022,17:30,Aston Villa,Man United,2,2,D
E0,16/01/2022,14:00,West Ham,Leeds,2,3,A
E0,18/01/2022,20:00,Brighton,Chelsea,1,1,D
E0,19/01/2022,19:30,Leicester,Tottenham,2,3,A
E0,22/01/2022,12:30,Everton,Aston Villa,0,1,A
E0,22/01/2022,15:00,Leeds,Newcastle,0,1,A
E0,22/01/2022,15:00,Man United,West Ham,1,0,H
E0,22/01/2022,17:30,Southampton,Man City,1,1,D
E0,23/01/2022,14:00,Arsenal,Burnley,0,0,D
E0,23/01/2022,14:00,Crystal Palace,Liverpool,1,3,A
E0,23/01/2022,14:00,Leicester,Brighton,1,1,D
E0,23/01/2022,16:30,Chelsea,Tottenham,2,0,H
E0,05/02/2022,18:00,Burnley,Watford,0,0,D
E0,08/02/2022,19:45,Newcastle,Everton,3,1,H
E0,08/02/2022,19:45,West Ham,Watford,1,0,H
E0,08/02/2022,20:00,Burnley,Man United,1,1,D
E0,09/02/2022,19:45,Tottenham,Southampton,2,3,A
E0,09/02/2022,20:00,Aston Villa,Leeds,3,3,D
E0,10/02/2022,19:45,Liverpool,Leicester,2,0,H
E0,12/02/2022,12:30,Man United,Southampton,1,1,D
E0,12/02/2022,15:00,Everton,Leeds,3,0,H
E0,12/02/2022,15:00,Watford,Brighton,0,2,A
E0,13/02/2022,14:00,Burnley,Liverpool,0,1,A
E0,13/02/2022,14:00,Newcastle,Aston Villa,1,0,H
E0,13/02/2022,16:30,Leicester,West Ham,2,2,D
E0,15/02/2022,20:15,Man United,Brighton,2,0,H
E0,19/02/2022,12:30,West Ham,Newcastle,1,1,D
E0,19/02/2022,15:00,Aston Villa,Watford,0,1,A
E0,19/02/2022,15:00,Brighton,Burnley,0,3,A
E0,19/02/2022,15:00,Crystal Palace,Chelsea,0,1,A
E0,19/02/2022,15:00,Southampton,Everton,2,0,H
E0,19/02/2022,17:30,Man City,Tottenham,2,3,A
E0,20/02/2022,14:00,Leeds,Man United,2,4,A
E0,23/02/2022,19:30,Burnley,Tottenham,1,0,H
E0,23/02/2022,19:30,Watford,Crystal Palace,1,4,A
E0,23/02/2022,19:45,Liverpool,Leeds,6,0,H
E0,26/02/2022,12:30,Leeds,Tottenham,0,4,A
E0,26/02/2022,15:00,Crystal Palace,Burnley,1,1,D
E0,26/02/2022,15:00,Man United,Watford,0,0,D
E0,26/02/2022,15:30,Brighton,Aston Villa,0,2,A
E0,26/02/2022,17:30,Everton,Man City,0,1,A
E0,01/03/2022,19:45,Burnley,Leicester,0,2,A
E0,05/03/2022,12:30,Leicester,Leeds,1,0,H
E0,05/03/2022,15:00,Aston Villa,Southampton,4,0,H
E0,05/03/2022,15:00,Burnley,Chelsea,0,4,A
E0,05/03/2022,15:00,Newcastle,Brighton,2,1,H
E0,05/03/2022,17:30,Liverpool,West Ham,1,0,H
E0,06/03/2022,14:00,Watford,Arsenal,2,3,A
E0,06/03/2022,16:30,Man City,Man United,4,1,H
E0,07/03/2022,20:00,Tottenham,Everton,5,0,H
E0,10/03/2022,19:30,Southampton,Newcastle,1,2,A
E0,10/03/2022,19:45,Leeds,Aston Villa,0,3,A
E0,12/03/2022,12:30,Brighton,Liverpool,0,2,A
E0,12/03/2022,17:30,Man United,Tottenham,3,2,H
E0,13/03/2022,14:00,Chelsea,Newcastle,1,0,H
E0,13/03/2022,14:00,Southampton,Watford,1,2,A
E0,13/03/2022,14:00,West Ham,Aston Villa,2,1,H
E0,13/03/2022,16:30,Arsenal,Leicester,2,0,H
E0,14/03/2022,20:00,Crystal Palace,Man City,0,0,D
E0,16/03/2022,19:30,Brighton,Tottenham,0,2,A
E0,16/03/2022,20:15,Arsenal,Liverpool,0,2,A
E0,17/03/2022,19:45,Everton,Newcastle,1,0,H
E0,19/03/2022,12:30,Aston Villa,Arsenal,0,1,A
E0,20/03/2022,16:30,Tottenham,West Ham,3,1,H
E0,02/04/2022,12:30,Liverpool,Watford,2,0,H
E0,02/04/2022,15:00,Burnley,Man City,0,2,A
E0,02/04/2022,15:00,Leeds,Southampton,1,1,D
E0,02/04/2022,17:30,Man United,Leicester,1,1,D
E0,03/04/2022,14:00,West Ham,Everton,2,1,H
E0,03/04/2022,16:30,Tottenham,Newcastle,5,1,H
E0,04/04/2022,20:00,Crystal Palace,Arsenal,3,0,H
E0,06/04/2022,19:30,Burnley,Everton,3,2,H
E0,09/04/2022,12:30,Everton,Man United,1,0,H
E0,09/04/2022,15:00,Arsenal,Brighton,1,2,A
E0,09/04/2022,15:00,Southampton,Chelsea,0,6,A
E0,09/04/2022,15:00,Watford,Leeds,0,3,A
E0,09/04/2022,17:30,Aston Villa,Tottenham,0,4,A
E0,10/04/2022,14:00,Leicester,Crystal Palace,2,1,H
E0,10/04/2022,16:30,Man City,Liverpool,2,2,D
E0,16/04/2022,12:30,Tottenham,Brighton,0,1,A
E0,16/04/2022,15:00,Southampton,Arsenal,1,0,H
E0,17/04/2022,14:15,Newcastle,Leicester,2,1,H
E0,17/04/2022,14:15,West Ham,Burnley,1,1,D
E0,19/04/2022,20:00,Liverpool,Man United,4,0,H
E0,20/04/2022,19:45,Chelsea,Arsenal,2,4,A
E0,20/04/2022,19:45,Everton,Leicester,1,1,D
E0,20/04/2022,19:45,Newcastle,Crystal Palace,1,0,H
E0,20/04/2022,20:00,Man City,Brighton,3,0,H
E0,21/04/2022,19:45,Burnley,Southampton,2,0,H
E0,23/04/2022,12:30,Arsenal,Man United,3,1,H
E0,23/04/2022,15:00,Leicester,Aston Villa,0,0,D
E0,23/04/2022,15:00,Man City,Watford,5,1,H
E0,24/04/2022,14:00,Brighton,Southampton,2,2,D
E0,24/04/2022,14:00,Chelsea,West Ham,1,0,H
E0,24/04/2022,16:30,Liverpool,Everton,2,0,H
E0,25/04/2022,20:00,Crystal Palace,Leeds,0,0,D
E0,28/04/2022,19:45,Man United,Chelsea,1,1,D
E0,30/04/2022,12:30,Newcastle,Liverpool,0,1,A
E0,30/04/2022,15:00,Southampton,Crystal Palace,1,2,A
E0,30/04/2022,15:00,Watford,Burnley,1,2,A
E0,30/04/2022,17:30,Leeds,Man City,0,4,A
E0,01/05/2022,14:00,Everton,Chelsea,1,0,H
E0,01/05/2022,14:00,Tottenham,Leicester,3,1,H
E0,01/05/2022,16:30,West Ham,Arsenal,1,2,A
E0,07/05/2022,15:00,Burnley,Aston Villa,1,3,A
E0,07/05/2022,15:00,Crystal Palace,Watford,1,0,H
E0,07/05/2022,17:30,Brighton,Man United,4,0,H
E0,07/05/2022,19:45,Liverpool,Tottenham,1,1,D
E0,08/05/2022,14:00,Arsenal,Leeds,2,1,H
E0,08/05/2022,14:00,Leicester,Everton,1,2,A
E0,08/05/2022,16:30,Man City,Newcastle,5,0,H
E0,10/05/2022,20:00,Aston Villa,Liverpool,1,2,A
E0,11/05/2022,19:30,Leeds,Chelsea,0,3,A
E0,11/05/2022,19:45,Watford,Everton,0,0,D
E0,12/05/2022,19:45,Tottenham,Arsenal,3,0,H
E0,15/05/2022,12:00,Tottenham,Burnley,1,0,H
E0,15/05/2022,14:00,Aston Villa,Crystal Palace,1,1,D
E0,15/05/2022,14:00,Leeds,Brighton,1,1,D
E0,15/05/2022,14:00,Watford,Leicester,1,5,A
E0,15/05/2022,14:00,West Ham,Man City,2,2,D
E0,16/05/2022,20:00,Newcastle,Arsenal,2,0,H
E0,17/05/2022,19:45,Southampton,Liverpool,1,2,A
E0,19/05/2022,19:45,Everton,Crystal Palace,3,2,H
E0,19/05/2022,20:00,Aston Villa,Burnley,1,1,D
E0,19/05/2022,20:00,Chelsea,Leicester,1,1,D
E0,22/05/2022,16:00,Arsenal,Everton,5,1,H
E0,22/05/2022,16:00,Brighton,West Ham,3,1,H
E0,22/05/2022,16:00,Burnley,Newcastle,1,2,A
E0,22/05/2022,16:00,Chelsea,Watford,2,1,H
E0,22/05/2022,16:00,Crystal Palace,Man United,1,0,H
E0,22/05/2022,16:00,Leicester,Southampton,4,1,H
E0,22/05/2022,16:00,Man City,Aston Villa,3,2,H
E0,12/09/2020,12:30,Fulham,Arsenal,0,3,A
E0,12/09/2020,15:00,Crystal Palace,Southampton,1,0,H
E0,12/09/2020,17:30,Liverpool,Leeds,4,3,H
E0,12/09/2020,20:00,West Ham,Newcastle,0,2,A
E0,13/09/2020,16:30,Tottenham,Everton,0,1,A
E0,14/09/2020,20:15,Brighton,Chelsea,1,3,A
E0,19/09/2020,15:00,Leeds,Fulham,4,3,H
E0,19/09/2020,17:30,Man United,Crystal Palace,1,3,A
E0,19/09/2020,20:00,Arsenal,West Ham,2,1,H
E0,20/09/2020,12:00,Southampton,Tottenham,2,5,A
E0,20/09/2020,14:00,Newcastle,Brighton,0,3,A
E0,20/09/2020,16:30,Chelsea,Liverpool,0,2,A
E0,20/09/2020,19:00,Leicester,Burnley,4,2,H
E0,26/09/2020,12:30,Brighton,Man United,2,3,A
E0,26/09/2020,15:00,Crystal Palace,Everton,1,2,A
E0,26/09/2020,20:00,Burnley,Southampton,0,1,A
E0,27/09/2020,14:00,Tottenham,Newcastle,1,1,D
E0,27/09/2020,16:30,Man City,Leicester,2,5,A
E0,28/09/2020,17:45,Fulham,Aston Villa,0,3,A
E0,28/09/2020,20:00,Liverpool,Arsenal,3,1,H
E0,03/10/2020,12:30,Chelsea,Crystal Palace,4,0,H
E0,03/10/2020,15:00,Everton,Brighton,4,2,H
E0,03/10/2020,17:30,Leeds,Man City,1,1,D
E0,03/10/2020,20:00,Newcastle,Burnley,3,1,H
E0,04/10/2020,12:00,Leicester,West Ham,0,3,A
E0,04/10/2020,16:30,Man United,Tottenham,1,6,A
E0,04/10/2020,19:15,Aston Villa,Liverpool,7,2,H
E0,17/10/2020,12:30,Everton,Liverpool,2,2,D
E0,17/10/2020,15:00,Chelsea,Southampton,3,3,D
E0,17/10/2020,17:30,Man City,Arsenal,1,0,H
E0,17/10/2020,20:00,Newcastle,Man United,1,4,A
E0,18/10/2020,14:00,Crystal Palace,Brighton,1,1,D
E0,18/10/2020,16:30,Tottenham,West Ham,3,3,D
E0,18/10/2020,19:15,Leicester,Aston Villa,0,1,A
E0,23/10/2020,20:00,Aston Villa,Leeds,0,3,A
E0,24/10/2020,12:30,West Ham,Man City,1,1,D
E0,24/10/2020,15:00,Fulham,Crystal Palace,1,2,A
E0,24/10/2020,17:30,Man United,Chelsea,0,0,D
E0,25/10/2020,14:00,Southampton,Everton,2,0,H
E0,25/10/2020,19:15,Arsenal,Leicester,0,1,A
E0,26/10/2020,20:00,Burnley,Tottenham,0,1,A
E0,31/10/2020,15:00,Burnley,Chelsea,0,3,A
E0,31/10/2020,17:30,Liverpool,West Ham,2,1,H
E0,01/11/2020,12:00,Aston Villa,Southampton,3,4,A
E0,01/11/2020,14:00,Newcastle,Everton,2,1,H
E0,01/11/2020,16:30,Man United,Arsenal,0,1,A
E0,01/11/2020,19:15,Tottenham,Brighton,2,1,H
E0,02/11/2020,20:00,Leeds,Leicester,1,4,A
E0,06/11/2020,17:30,Brighton,Burnley,0,0,D
E0,06/11/2020,20:00,Southampton,Newcastle,2,0,H
E0,07/11/2020,12:30,Everton,Man United,1,3,A
E0,07/11/2020,15:00,Crystal Palace,Leeds,4,1,H
E0,07/11/2020,20:00,West Ham,Fulham,1,0,H
E0,08/11/2020,16:30,Man City,Liverpool,1,1,D
E0,08/11/2020,19:15,Arsenal,Aston Villa,0,3,A
E0,21/11/2020,12:30,Newcastle,Chelsea,0,2,A
E0,21/11/2020,15:00,Aston Villa,Brighton,1,2,A
E0,21/11/2020,17:30,Tottenham,Man City,2,0,H
E0,22/11/2020,12:00,Fulham,Everton,2,3,A
E0,22/11/2020,16:30,Leeds,Arsenal,0,0,D
E0,22/11/2020,19:15,Liverpool,Leicester,3,0,H
E0,23/11/2020,17:30,Burnley,Crystal Palace,1,0,H
E0,27/11/2020,20:00,Crystal Palace,Newcastle,0,2,A
E0,28/11/2020,12:30,Brighton,Liverpool,1,1,D
E0,28/11/2020,15:00,Man City,Burnley,5,0,H
E0,28/11/2020,17:30,Everton,Leeds,0,1,A
E0,29/11/2020,14:00,Southampton,Man United,2,3,A
E0,29/11/2020,16:30,Chelsea,Tottenham,0,0,D
E0,30/11/2020,17:30,Leicester,Fulham,1,2,A
E0,30/11/2020,20:00,West Ham,Aston Villa,2,1,H
E0,05/12/2020,12:30,Burnley,Everton,1,1,D
E0,05/12/2020,15:00,Man City,Fulham,2,0,H
E0,05/12/2020,17:30,West Ham,Man United,1,3,A
E0,05/12/2020,20:00,Chelsea,Leeds,3,1,H
E0,06/12/2020,16:30,Tottenham,Arsenal,2,0,H
E0,07/12/2020,20:00,Brighton,Southampton,1,2,A
E0,11/12/2020,20:00,Leeds,West Ham,1,2,A
E0,12/12/2020,17:30,Man United,Man City,0,0,D
E0,12/12/2020,20:00,Everton,Chelsea,1,0,H
E0,13/12/2020,14:15,Crystal Palace,Tottenham,1,1,D
E0,13/12/2020,16:30,Fulham,Liverpool,1,1,D
E0,13/12/2020,19:15,Arsenal,Burnley,0,1,A
E0,13/12/2020,19:15,Leicester,Brighton,3,0,H
E0,16/12/2020,18:00,Arsenal,Southampton,1,1,D
E0,16/12/2020,18:00,Leeds,Newcastle,5,2,H
E0,16/12/2020,18:00,Leicester,Everton,0,2,A
E0,16/12/2020,20:00,Fulham,Brighton,0,0,D
E0,16/12/2020,20:00,Liverpool,Tottenham,2,1,H
E0,16/12/2020,20:00,West Ham,Crystal Palace,1,1,D
E0,17/12/2020,18:00,Aston Villa,Burnley,0,0,D
E0,19/12/2020,12:30,Crystal Palace,Liverpool,0,7,A
E0,19/12/2020,15:00,Southampton,Man City,0,1,A
E0,19/12/2020,17:30,Everton,Arsenal,2,1,H
E0,19/12/2020,20:00,Newcastle,Fulham,1,1,D
E0,20/12/2020,14:15,Tottenham,Leicester,0,2,A
E0,20/12/2020,16:30,Man United,Leeds,6,2,H
E0,21/12/2020,20:00,Chelsea,West Ham,3,0,H
E0,26/12/2020,12:30,Leicester,Man United,2,2,D
E0,26/12/2020,15:00,Aston Villa,Crystal Palace,3,0,H
E0,26/12/2020,15:00,Fulham,Southampton,0,0,D
E0,26/12/2020,17:30,Arsenal,Chelsea,3,1,H
E0,26/12/2020,20:00,Man City,Newcastle,2,0,H
E0,27/12/2020,12:00,Leeds,Burnley,1,0,H
E0,27/12/2020,14:15,West Ham,Brighton,2,2,D
E0,28/12/2020,15:00,Crystal Palace,Leicester,1,1,D
E0,28/12/2020,17:30,Chelsea,Aston Villa,1,1,D
E0,29/12/2020,18:00,Brighton,Arsenal,0,1,A
E0,29/12/2020,18:00,Southampton,West Ham,0,0,D
E0,30/12/2020,20:00,Newcastle,Liverpool,0,0,D
E0,01/01/2021,17:30,Everton,West Ham,0,1,A
E0,01/01/2021,20:00,Man United,Aston Villa,2,1,H
E0,02/01/2021,12:30,Tottenham,Leeds,3,0,H
E0,03/01/2021,14:15,Newcastle,Leicester,1,2,A
E0,03/01/2021,16:30,Chelsea,Man City,1,3,A
E0,04/01/2021,20:00,Southampton,Liverpool,1,0,H
E0,12/01/2021,20:15,Burnley,Man United,0,1,A
E0,13/01/2021,18:00,Man City,Brighton,1,0,H
E0,13/01/2021,20:15,Tottenham,Fulham,1,1,D
E0,14/01/2021,20:00,Arsenal,Crystal Palace,0,0,D
E0,16/01/2021,15:00,Leeds,Brighton,0,1,A
E0,16/01/2021,15:00,West Ham,Burnley,1,0,H
E0,16/01/2021,17:30,Fulham,Chelsea,0,1,A
E0,16/01/2021,20:00,Leicester,Southampton,2,0,H
E0,17/01/2021,16:30,Liverpool,Man United,0,0,D
E0,17/01/2021,19:15,Man City,Crystal Palace,4,0,H
E0,18/01/2021,20:00,Arsenal,Newcastle,3,0,H
E0,19/01/2021,20:15,Leicester,Chelsea,2,0,H
E0,20/01/2021,18:00,Man City,Aston Villa,2,0,H
E0,20/01/2021,20:15,Fulham,Man United,1,2,A
E0,21/01/2021,20:00,Liverpool,Burnley,0,1,A
E0,23/01/2021,20:00,Aston Villa,Newcastle,2,0,H
E0,26/01/2021,18:00,Crystal Palace,West Ham,2,3,A
E0,26/01/2021,18:00,Newcastle,Leeds,1,2,A
E0,26/01/2021,20:15,Southampton,Arsenal,1,3,A
E0,27/01/2021,18:00,Burnley,Aston Villa,3,2,H
E0,27/01/2021,19:30,Brighton,Fulham,0,0,D
E0,27/01/2021,20:15,Everton,Leicester,1,1,D
E0,28/01/2021,20:00,Tottenham,Liverpool,1,3,A
E0,30/01/2021,12:30,Everton,Newcastle,0,2,A
E0,30/01/2021,17:30,Arsenal,Man United,0,0,D
E0,30/01/2021,20:00,Southampton,Aston Villa,0,1,A
E0,31/01/2021,12:00,Chelsea,Burnley,2,0,H
E0,31/01/2021,14:00,Leicester,Leeds,1,3,A
E0,31/01/2021,16:30,West Ham,Liverpool,1,3,A
E0,31/01/2021,19:15,Brighton,Tottenham,1,0,H
E0,02/02/2021,20:15,Man United,Southampton,9,0,H
E0,02/02/2021,20:15,Newcastle,Crystal Palace,1,2,A
E0,03/02/2021,18:00,Burnley,Man City,0,2,A
E0,03/02/2021,18:00,Fulham,Leicester,0,2,A
E0,03/02/2021,19:30,Leeds,Everton,1,2,A
E0,03/02/2021,20:15,Aston Villa,West Ham,1,3,A
E0,03/02/2021,20:15,Liverpool,Brighton,0,1,A
E0,04/02/2021,20:00,Tottenham,Chelsea,0,1,A
E0,06/02/2021,12:30,Aston Villa,Arsenal,1,0,H
E0,06/02/2021,15:00,Burnley,Brighton,1,1,D
E0,06/02/2021,15:00,Newcastle,Southampton,3,2,H
E0,06/02/2021,17:30,Fulham,West Ham,0,0,D
E0,06/02/2021,20:00,Man United,Everton,3,3,D
E0,07/02/2021,16:30,Liverpool,Man City,1,4,A
E0,08/02/2021,20:00,Leeds,Crystal Palace,2,0,H
E0,13/02/2021,12:30,Leicester,Liverpool,3,1,H
E0,13/02/2021,15:00,Crystal Palace,Burnley,0,3,A
E0,13/02/2021,17:30,Man City,Tottenham,3,0,H
E0,13/02/2021,20:00,Brighton,Aston Villa,0,0,D
E0,14/02/2021,16:30,Arsenal,Leeds,4,2,H
E0,14/02/2021,19:00,Everton,Fulham,0,2,A
E0,15/02/2021,20:00,Chelsea,Newcastle,2,0,H
E0,17/02/2021,18:00,Burnley,Fulham,1,1,D
E0,17/02/2021,20:15,Everton,Man City,1,3,A
E0,20/02/2021,12:30,Southampton,Chelsea,1,1,D
E0,20/02/2021,17:30,Liverpool,Everton,0,2,A
E0,21/02/2021,12:00,West Ham,Tottenham,2,1,H
E0,21/02/2021,14:05,Aston Villa,Leicester,1,2,A
E0,21/02/2021,16:30,Arsenal,Man City,0,1,A
E0,21/02/2021,19:00,Man United,Newcastle,3,1,H
E0,22/02/2021,20:00,Brighton,Crystal Palace,1,2,A
E0,23/02/2021,18:00,Leeds,Southampton,3,0,H
E0,27/02/2021,12:30,Man City,West Ham,2,1,H
E0,27/02/2021,17:30,Leeds,Aston Villa,0,1,A
E0,28/02/2021,12:00,Crystal Palace,Fulham,0,0,D
E0,28/02/2021,12:00,Leicester,Arsenal,1,3,A
E0,28/02/2021,14:00,Tottenham,Burnley,4,0,H
E0,28/02/2021,16:30,Chelsea,Man United,0,0,D
E0,01/03/2021,20:00,Everton,Southampton,1,0,H
E0,03/03/2021,18:00,Burnley,Leicester,1,1,D
E0,03/03/2021,20:15,Crystal Palace,Man United,0,0,D
E0,04/03/2021,18:00,Fulham,Tottenham,0,1,A
E0,04/03/2021,20:15,Liverpool,Chelsea,0,1,A
E0,06/03/2021,12:30,Burnley,Arsenal,1,1,D
E0,06/03/2021,20:00,Brighton,Leicester,1,2,A
E0,07/03/2021,14:00,Liverpool,Fulham,0,1,A
E0,07/03/2021,16:30,Man City,Man United,0,2,A
E0,07/03/2021,19:15,Tottenham,Crystal Palace,4,1,H
E0,08/03/2021,18:00,Chelsea,Everton,2,0,H
E0,08/03/2021,20:00,West Ham,Leeds,2,0,H
E0,10/03/2021,18:00,Man City,Southampton,5,2,H
E0,12/03/2021,20:00,Newcastle,Aston Villa,1,1,D
E0,13/03/2021,12:30,Leeds,Chelsea,0,0,D
E0,13/03/2021,17:30,Everton,Burnley,1,2,A
E0,13/03/2021,20:00,Fulham,Man City,0,3,A
E0,14/03/2021,12:00,Southampton,Brighton,1,2,A
E0,14/03/2021,16:30,Arsenal,Tottenham,2,1,H
E0,14/03/2021,19:15,Man United,West Ham,1,0,H
E0,19/03/2021,20:00,Fulham,Leeds,1,2,A
E0,20/03/2021,20:00,Brighton,Newcastle,3,0,H
E0,21/03/2021,15:00,West Ham,Arsenal,3,3,D
E0,21/03/2021,19:30,Aston Villa,Tottenham,0,2,A
E0,03/04/2021,17:30,Leicester,Man City,0,2,A
E0,03/04/2021,20:00,Arsenal,Liverpool,0,3,A
E0,04/04/2021,12:00,Southampton,Burnley,3,2,H
E0,04/04/2021,14:05,Newcastle,Tottenham,2,2,D
E0,04/04/2021,16:30,Aston Villa,Fulham,3,1,H
E0,04/04/2021,19:30,Man United,Brighton,2,1,H
E0,05/04/2021,18:00,Everton,Crystal Palace,1,1,D
E0,10/04/2021,12:30,Man City,Leeds,1,2,A
E0,10/04/2021,15:00,Liverpool,Aston Villa,2,1,H
E0,10/04/2021,17:30,Crystal Palace,Chelsea,1,4,A
E0,11/04/2021,12:00,Burnley,Newcastle,1,2,A
E0,11/04/2021,14:05,West Ham,Leicester,3,2,H
E0,11/04/2021,16:30,Tottenham,Man United,1,3,A
E0,12/04/2021,20:15,Brighton,Everton,0,0,D
E0,16/04/2021,20:00,Everton,Tottenham,2,2,D
E0,17/04/2021,12:30,Newcastle,West Ham,3,2,H
E0,18/04/2021,13:30,Arsenal,Fulham,1,1,D
E0,18/04/2021,16:00,Man United,Burnley,3,1,H
E0,19/04/2021,20:00,Leeds,Liverpool,1,1,D
E0,20/04/2021,20:00,Chelsea,Brighton,0,0,D
E0,21/04/2021,18:00,Tottenham,Southampton,2,1,H
E0,21/04/2021,20:15,Aston Villa,Man City,1,2,A
E0,23/04/2021,20:00,Arsenal,Everton,0,1,A
E0,24/04/2021,12:30,Liverpool,Newcastle,1,1,D
E0,24/04/2021,17:30,West Ham,Chelsea,0,1,A
E0,25/04/2021,14:00,Leeds,Man United,0,0,D
E0,26/04/2021,20:00,Leicester,Crystal Palace,2,1,H
E0,30/04/2021,20:00,Southampton,Leicester,1,1,D
E0,01/05/2021,12:30,Crystal Palace,Man City,0,2,A
E0,01/05/2021,15:00,Brighton,Leeds,2,0,H
E0,01/05/2021,17:30,Chelsea,Fulham,2,0,H
E0,01/05/2021,20:00,Everton,Aston Villa,1,2,A
E0,02/05/2021,14:00,Newcastle,Arsenal,0,2,A
E0,03/05/2021,20:15,Burnley,West Ham,1,2,A
E0,07/05/2021,20:00,Leicester,Newcastle,2,4,A
E0,08/05/2021,12:30,Leeds,Tottenham,3,1,H
E0,08/05/2021,17:30,Man City,Chelsea,1,2,A
E0,08/05/2021,20:15,Liverpool,Southampton,2,0,H
E0,09/05/2021,14:05,Aston Villa,Man United,1,3,A
E0,09/05/2021,16:30,West Ham,Everton,0,1,A
E0,10/05/2021,20:00,Fulham,Burnley,0,2,A
E0,11/05/2021,18:00,Man United,Leicester,1,2,A
E0,11/05/2021,20:15,Southampton,Crystal Palace,3,1,H
E0,12/05/2021,20:15,Chelsea,Arsenal,0,1,A
E0,13/05/2021,18:00,Aston Villa,Everton,0,0,D
E0,13/05/2021,20:15,Man United,Liverpool,2,4,A
E0,14/05/2021,20:00,Newcastle,Man City,3,4,A
E0,15/05/2021,12:30,Burnley,Leeds,0,4,A
E0,15/05/2021,15:00,Southampton,Fulham,3,1,H
E0,15/05/2021,20:00,Brighton,West Ham,1,1,D
E0,16/05/2021,12:00,Crystal Palace,Aston Villa,3,2,H
E0,18/05/2021,18:00,Man United,Fulham,1,1,D
E0,18/05/2021,18:00,Southampton,Leeds,0,2,A
E0,18/05/2021,19:00,Brighton,Man City,3,2,H
E0,18/05/2021,20:15,Chelsea,Leicester,2,1,H
E0,19/05/2021,18:00,Tottenham,Aston Villa,1,2,A
E0,19/05/2021,19:00,Crystal Palace,Arsenal,1,3,A
E0,19/05/2021,20:15,Burnley,Liverpool,0,3,A
E0,23/05/2021,16:00,Arsenal,Brighton,2,0,H
E0,23/05/2021,16:00,Aston Villa,Chelsea,2,1,H
E0,23/05/2021,16:00,Fulham,Newcastle,0,2,A
E0,23/05/2021,16:00,Leicester,Tottenham,2,4,A
E0,23/05/2021,16:00,Liverpool,Crystal Palace,2,0,H
E0,23/05/2021,16:00,Man City,Everton,5,0,H
E0,23/05/2021,16:00,West Ham,Southampton,3,0,H
E0,10/08/2019,12:30,West Ham,Man City,0,5,A
E0,10/08/2019,15:00,Burnley,Southampton,3,0,H
E0,10/08/2019,15:00,Crystal Palace,Everton,0,0,D
E0,10/08/2019,15:00,Watford,Brighton,0,3,A
E0,10/08/2019,17:30,Tottenham,Aston Villa,3,1,H
E0,11/08/2019,14:00,Newcastle,Arsenal,0,1,A
E0,11/08/2019,16:30,Man United,Chelsea,4,0,H
E0,17/08/2019,12:30,Arsenal,Burnley,2,1,H
E0,17/08/2019,15:00,Aston Villa,Bournemouth,1,2,A
E0,17/08/2019,15:00,Brighton,West Ham,1,1,D
E0,17/08/2019,15:00,Everton,Watford,1,0,H
E0,17/08/2019,15:00,Southampton,Liverpool,1,2,A
E0,17/08/2019,17:30,Man City,Tottenham,2,2,D
E0,18/08/2019,16:30,Chelsea,Leicester,1,1,D
E0,23/08/2019,20:00,Aston Villa,Everton,2,0,H
E0,24/08/2019,15:00,Brighton,Southampton,0,2,A
E0,24/08/2019,15:00,Man United,Crystal Palace,1,2,A
E0,24/08/2019,15:00,Watford,West Ham,1,3,A
E0,24/08/2019,17:30,Liverpool,Arsenal,3,1,H
E0,25/08/2019,14:00,Bournemouth,Man City,1,3,A
E0,25/08/2019,16:30,Tottenham,Newcastle,0,1,A
E0,31/08/2019,12:30,Southampton,Man United,1,1,D
E0,31/08/2019,15:00,Crystal Palace,Aston Villa,1,0,H
E0,31/08/2019,15:00,Leicester,Bournemouth,3,1,H
E0,31/08/2019,15:00,Man City,Brighton,4,0,H
E0,31/08/2019,15:00,Newcastle,Watford,1,1,D
E0,31/08/2019,17:30,Burnley,Liverpool,0,3,A
E0,01/09/2019,16:30,Arsenal,Tottenham,2,2,D
E0,14/09/2019,12:30,Liverpool,Newcastle,3,1,H
E0,14/09/2019,15:00,Brighton,Burnley,1,1,D
E0,14/09/2019,15:00,Man United,Leicester,1,0,H
E0,14/09/2019,15:00,Tottenham,Crystal Palace,4,0,H
E0,15/09/2019,14:00,Bournemouth,Everton,3,1,H
E0,15/09/2019,16:30,Watford,Arsenal,2,2,D
E0,16/09/2019,20:00,Aston Villa,West Ham,0,0,D
E0,20/09/2019,20:00,Southampton,Bournemouth,1,3,A
E0,21/09/2019,12:30,Leicester,Tottenham,2,1,H
E0,21/09/2019,15:00,Man City,Watford,8,0,H
E0,21/09/2019,17:30,Newcastle,Brighton,0,0,D
E0,22/09/2019,14:00,West Ham,Man United,2,0,H
E0,22/09/2019,16:30,Arsenal,Aston Villa,3,2,H
E0,22/09/2019,16:30,Chelsea,Liverpool,1,2,A
E0,28/09/2019,15:00,Aston Villa,Burnley,2,2,D
E0,28/09/2019,15:00,Bournemouth,West Ham,2,2,D
E0,28/09/2019,15:00,Chelsea,Brighton,2,0,H
E0,28/09/2019,15:00,Tottenham,Southampton,2,1,H
E0,28/09/2019,17:30,Everton,Man City,1,3,A
E0,29/09/2019,16:30,Leicester,Newcastle,5,0,H
E0,30/09/2019,20:00,Man United,Arsenal,1,1,D
E0,05/10/2019,12:30,Brighton,Tottenham,3,0,H
E0,05/10/2019,15:00,Burnley,Everton,1,0,H
E0,05/10/2019,15:00,Liverpool,Leicester,2,1,H
E0,05/10/2019,17:30,West Ham,Crystal Palace,1,2,A
E0,06/10/2019,14:00,Arsenal,Bournemouth,1,0,H
E0,06/10/2019,14:00,Southampton,Chelsea,1,4,A
E0,06/10/2019,16:30,Newcastle,Man United,1,0,H
E0,19/10/2019,12:30,Everton,West Ham,2,0,H
E0,19/10/2019,15:00,Aston Villa,Brighton,2,1,H
E0,19/10/2019,15:00,Chelsea,Newcastle,1,0,H
E0,19/10/2019,15:00,Leicester,Burnley,2,1,H
E0,19/10/2019,15:00,Tottenham,Watford,1,1,D
E0,19/10/2019,17:30,Crystal Palace,Man City,0,2,A
E0,20/10/2019,16:30,Man United,Liverpool,1,1,D
E0,25/10/2019,20:00,Southampton,Leicester,0,9,A
E0,26/10/2019,12:30,Man City,Aston Villa,3,0,H
E0,26/10/2019,15:00,Brighton,Everton,3,2,H
E0,26/10/2019,15:00,Watford,Bournemouth,0,0,D
E0,26/10/2019,17:30,Burnley,Chelsea,2,4,A
E0,27/10/2019,16:30,Arsenal,Crystal Palace,2,2,D
E0,27/10/2019,16:30,Liverpool,Tottenham,2,1,H
E0,02/11/2019,12:30,Bournemouth,Man United,1,0,H
E0,02/11/2019,15:00,Aston Villa,Liverpool,1,2,A
E0,02/11/2019,15:00,Man City,Southampton,2,1,H
E0,02/11/2019,15:00,West Ham,Newcastle,2,3,A
E0,02/11/2019,17:30,Watford,Chelsea,1,2,A
E0,03/11/2019,14:00,Crystal Palace,Leicester,0,2,A
E0,03/11/2019,16:30,Everton,Tottenham,1,1,D
E0,09/11/2019,12:30,Chelsea,Crystal Palace,2,0,H
E0,09/11/2019,15:00,Burnley,West Ham,3,0,H
E0,09/11/2019,15:00,Newcastle,Bournemouth,2,1,H
E0,09/11/2019,15:00,Southampton,Everton,1,2,A
E0,09/11/2019,17:30,Leicester,Arsenal,2,0,H
E0,10/11/2019,14:00,Man United,Brighton,3,1,H
E0,10/11/2019,16:30,Liverpool,Man City,3,1,H
E0,23/11/2019,12:30,West Ham,Tottenham,2,3,A
E0,23/11/2019,15:00,Arsenal,Southampton,2,2,D
E0,23/11/2019,15:00,Brighton,Leicester,0,2,A
E0,23/11/2019,15:00,Crystal Palace,Liverpool,1,2,A
E0,23/11/2019,15:00,Watford,Burnley,0,3,A
E0,23/11/2019,17:30,Man City,Chelsea,2,1,H
E0,25/11/2019,20:00,Aston Villa,Newcastle,2,0,H
E0,30/11/2019,12:30,Newcastle,Man City,2,2,D
E0,30/11/2019,15:00,Burnley,Crystal Palace,0,2,A
E0,30/11/2019,15:00,Chelsea,West Ham,0,1,A
E0,30/11/2019,15:00,Liverpool,Brighton,2,1,H
E0,30/11/2019,15:00,Tottenham,Bournemouth,3,2,H
E0,30/11/2019,17:30,Southampton,Watford,2,1,H
E0,01/12/2019,16:30,Leicester,Everton,2,1,H
E0,01/12/2019,16:30,Man United,Aston Villa,2,2,D
E0,03/12/2019,19:30,Crystal Palace,Bournemouth,1,0,H
E0,03/12/2019,20:15,Burnley,Man City,1,4,A
E0,04/12/2019,19:30,Chelsea,Aston Villa,2,1,H
E0,04/12/2019,19:30,Leicester,Watford,2,0,H
E0,04/12/2019,19:30,Man United,Tottenham,2,1,H
E0,04/12/2019,20:15,Liverpool,Everton,5,2,H
E0,05/12/2019,20:15,Arsenal,Brighton,1,2,A
E0,07/12/2019,12:30,Everton,Chelsea,3,1,H
E0,07/12/2019,15:00,Bournemouth,Liverpool,0,3,A
E0,07/12/2019,15:00,Tottenham,Burnley,5,0,H
E0,07/12/2019,15:00,Watford,Crystal Palace,0,0,D
E0,07/12/2019,17:30,Man City,Man United,1,2,A
E0,08/12/2019,14:00,Aston Villa,Leicester,1,4,A
E0,08/12/2019,14:00,Newcastle,Southampton,2,1,H
E0,09/12/2019,20:00,West Ham,Arsenal,1,3,A
E0,14/12/2019,12:30,Liverpool,Watford,2,0,H
E0,14/12/2019,15:00,Burnley,Newcastle,1,0,H
E0,14/12/2019,15:00,Chelsea,Bournemouth,0,1,A
E0,14/12/2019,17:30,Southampton,West Ham,0,1,A
E0,15/12/2019,14:00,Man United,Everton,1,1,D
E0,15/12/2019,16:30,Arsenal,Man City,0,3,A
E0,16/12/2019,19:45,Crystal Palace,Brighton,1,1,D
E0,21/12/2019,12:30,Everton,Arsenal,0,0,D
E0,21/12/2019,15:00,Aston Villa,Southampton,1,3,A
E0,21/12/2019,15:00,Bournemouth,Burnley,0,1,A
E0,21/12/2019,15:00,Newcastle,Crystal Palace,1,0,H
E0,21/12/2019,17:30,Man City,Leicester,3,1,H
E0,22/12/2019,14:00,Watford,Man United,2,0,H
E0,22/12/2019,16:30,Tottenham,Chelsea,0,2,A
E0,26/12/2019,12:30,Tottenham,Brighton,2,1,H
E0,26/12/2019,15:00,Bournemouth,Arsenal,1,1,D
E0,26/12/2019,15:00,Chelsea,Southampton,0,2,A
E0,26/12/2019,15:00,Crystal Palace,West Ham,2,1,H
E0,26/12/2019,15:00,Everton,Burnley,1,0,H
E0,26/12/2019,17:30,Man United,Newcastle,4,1,H
E0,26/12/2019,20:00,Leicester,Liverpool,0,4,A
E0,28/12/2019,12:30,Brighton,Bournemouth,2,0,H
E0,28/12/2019,15:00,Newcastle,Everton,1,2,A
E0,28/12/2019,15:00,Southampton,Crystal Palace,1,1,D
E0,28/12/2019,15:00,Watford,Aston Villa,3,0,H
E0,28/12/2019,17:30,West Ham,Leicester,1,2,A
E0,28/12/2019,19:45,Burnley,Man United,0,2,A
E0,29/12/2019,14:00,Arsenal,Chelsea,1,2,A
E0,01/01/2020,12:30,Brighton,Chelsea,1,1,D
E0,01/01/2020,12:30,Burnley,Aston Villa,1,2,A
E0,01/01/2020,15:00,Newcastle,Leicester,0,3,A
E0,01/01/2020,15:00,Southampton,Tottenham,1,0,H
E0,01/01/2020,17:30,Man City,Everton,2,1,H
E0,01/01/2020,17:30,West Ham,Bournemouth,4,0,H
E0,01/01/2020,20:00,Arsenal,Man United,2,0,H
E0,11/01/2020,12:30,Crystal Palace,Arsenal,1,1,D
E0,11/01/2020,15:00,Chelsea,Burnley,3,0,H
E0,11/01/2020,15:00,Everton,Brighton,1,0,H
E0,11/01/2020,15:00,Leicester,Southampton,1,2,A
E0,11/01/2020,17:30,Tottenham,Liverpool,0,1,A
E0,12/01/2020,14:00,Bournemouth,Watford,0,3,A
E0,12/01/2020,16:30,Aston Villa,Man City,1,6,A
E0,18/01/2020,12:30,Watford,Tottenham,0,0,D
E0,18/01/2020,15:00,Brighton,Aston Villa,1,1,D
E0,18/01/2020,15:00,Man City,Crystal Palace,2,2,D
E0,18/01/2020,15:00,West Ham,Everton,1,1,D
E0,18/01/2020,17:30,Newcastle,Chelsea,1,0,H
E0,19/01/2020,14:00,Burnley,Leicester,2,1,H
E0,19/01/2020,16:30,Liverpool,Man United,2,0,H
E0,21/01/2020,19:30,Aston Villa,Watford,2,1,H
E0,21/01/2020,19:30,Bournemouth,Brighton,3,1,H
E0,21/01/2020,19:30,Crystal Palace,Southampton,0,2,A
E0,21/01/2020,19:30,Everton,Newcastle,2,2,D
E0,21/01/2020,20:15,Chelsea,Arsenal,2,2,D
E0,22/01/2020,19:30,Leicester,West Ham,4,1,H
E0,22/01/2020,20:15,Man United,Burnley,0,2,A
E0,29/01/2020,19:45,West Ham,Liverpool,0,2,A
E0,01/02/2020,12:30,Leicester,Chelsea,2,2,D
E0,01/02/2020,15:00,Bournemouth,Aston Villa,2,1,H
E0,01/02/2020,15:00,Liverpool,Southampton,4,0,H
E0,01/02/2020,15:00,Watford,Everton,2,3,A
E0,01/02/2020,15:00,West Ham,Brighton,3,3,D
E0,02/02/2020,14:00,Burnley,Arsenal,0,0,D
E0,02/02/2020,16:30,Tottenham,Man City,2,0,H
E0,08/02/2020,12:30,Everton,Crystal Palace,3,1,H
E0,08/02/2020,17:30,Brighton,Watford,1,1,D
E0,15/02/2020,12:30,Southampton,Burnley,1,2,A
E0,16/02/2020,14:00,Aston Villa,Tottenham,2,3,A
E0,16/02/2020,16:30,Arsenal,Newcastle,4,0,H
E0,17/02/2020,20:00,Chelsea,Man United,0,2,A
E0,19/02/2020,19:30,Man City,West Ham,2,0,H
E0,22/02/2020,12:30,Chelsea,Tottenham,2,1,H
E0,22/02/2020,15:00,Burnley,Bournemouth,3,0,H
E0,22/02/2020,15:00,Crystal Palace,Newcastle,1,0,H
E0,22/02/2020,15:00,Southampton,Aston Villa,2,0,H
E0,22/02/2020,17:30,Leicester,Man City,0,1,A
E0,23/02/2020,14:00,Man United,Watford,3,0,H
E0,23/02/2020,16:30,Arsenal,Everton,3,2,H
E0,24/02/2020,20:00,Liverpool,West Ham,3,2,H
E0,29/02/2020,12:30,Brighton,Crystal Palace,0,1,A
E0,29/02/2020,15:00,Bournemouth,Chelsea,2,2,D
E0,29/02/2020,15:00,Newcastle,Burnley,0,0,D
E0,29/02/2020,15:00,West Ham,Southampton,3,1,H
E0,29/02/2020,17:30,Watford,Liverpool,3,0,H
E0,01/03/2020,14:00,Everton,Man United,1,1,D
E0,07/03/2020,12:30,Liverpool,Bournemouth,2,1,H
E0,07/03/2020,15:00,Arsenal,West Ham,1,0,H
E0,07/03/2020,15:00,Crystal Palace,Watford,1,0,H
E0,07/03/2020,15:00,Southampton,Newcastle,0,1,A
E0,07/03/2020,17:30,Burnley,Tottenham,1,1,D
E0,08/03/2020,14:00,Chelsea,Everton,4,0,H
E0,08/03/2020,16:30,Man United,Man City,2,0,H
E0,09/03/2020,20:00,Leicester,Aston Villa,4,0,H
E0,17/06/2020,20:15,Man City,Arsenal,3,0,H
E0,19/06/2020,20:15,Tottenham,Man United,1,1,D
E0,20/06/2020,12:30,Watford,Leicester,1,1,D
E0,20/06/2020,15:00,Brighton,Arsenal,2,1,H
E0,20/06/2020,19:45,Bournemouth,Crystal Palace,0,2,A
E0,21/06/2020,16:15,Aston Villa,Chelsea,1,2,A
E0,21/06/2020,19:00,Everton,Liverpool,0,0,D
E0,22/06/2020,20:00,Man City,Burnley,5,0,H
E0,23/06/2020,18:00,Leicester,Brighton,0,0,D
E0,23/06/2020,20:15,Tottenham,West Ham,2,0,H
E0,24/06/2020,18:00,Newcastle,Aston Villa,1,1,D
E0,24/06/2020,20:15,Liverpool,Crystal Palace,4,0,H
E0,25/06/2020,18:00,Burnley,Watford,1,0,H
E0,25/06/2020,18:00,Southampton,Arsenal,0,2,A
E0,25/06/2020,20:15,Chelsea,Man City,2,1,H
E0,28/06/2020,16:30,Watford,Southampton,1,3,A
E0,29/06/2020,20:00,Crystal Palace,Burnley,0,1,A
E0,30/06/2020,20:15,Brighton,Man United,0,3,A
E0,01/07/2020,18:00,Bournemouth,Newcastle,1,4,A
E0,01/07/2020,18:00,Everton,Leicester,2,1,H
E0,01/07/2020,20:15,West Ham,Chelsea,3,2,H
E0,02/07/2020,20:15,Man City,Liverpool,4,0,H
E0,04/07/2020,15:00,Leicester,Crystal Palace,3,0,H
E0,04/07/2020,15:00,Man United,Bournemouth,5,2,H
E0,04/07/2020,20:00,Chelsea,Watford,3,0,H
E0,05/07/2020,14:15,Newcastle,West Ham,2,2,D
E0,05/07/2020,16:30,Liverpool,Aston Villa,2,0,H
E0,05/07/2020,19:00,Southampton,Man City,1,0,H
E0,06/07/2020,20:00,Tottenham,Everton,1,0,H
E0,07/07/2020,18:00,Crystal Palace,Chelsea,2,3,A
E0,07/07/2020,20:15,Arsenal,Leicester,1,1,D
E0,08/07/2020,18:00,Man City,Newcastle,5,0,H
E0,08/07/2020,18:00,West Ham,Burnley,0,1,A
E0,08/07/2020,20:15,Brighton,Liverpool,1,3,A
E0,09/07/2020,18:00,Bournemouth,Tottenham,0,0,D
E0,09/07/2020,18:00,Everton,Southampton,1,1,D
E0,09/07/2020,20:15,Aston Villa,Man United,0,3,A
E0,11/07/2020,12:30,Watford,Newcastle,2,1,H
E0,11/07/2020,15:00,Liverpool,Burnley,1,1,D
E0,11/07/2020,20:00,Brighton,Man City,0,5,A
E0,12/07/2020,14:15,Aston Villa,Crystal Palace,2,0,H
E0,12/07/2020,16:30,Tottenham,Arsenal,2,1,H
E0,12/07/2020,19:00,Bournemouth,Leicester,4,1,H
E0,13/07/2020,20:00,Man United,Southampton,2,2,D
E0,15/07/2020,18:00,Man City,Bournemouth,2,1,H
E0,15/07/2020,18:00,Newcastle,Tottenham,1,3,A
E0,15/07/2020,20:15,Arsenal,Liverpool,2,1,H
E0,16/07/2020,18:00,Everton,Aston Villa,1,1,D
E0,16/07/2020,20:15,Crystal Palace,Man United,0,2,A
E0,16/07/2020,20:15,Southampton,Brighton,1,1,D
E0,17/07/2020,20:00,West Ham,Watford,3,1,H
E0,19/07/2020,14:00,Bournemouth,Southampton,0,2,A
E0,19/07/2020,16:00,Tottenham,Leicester,3,0,H
E0,20/07/2020,18:00,Brighton,Newcastle,0,0,D
E0,21/07/2020,18:00,Watford,Man City,0,4,A
E0,21/07/2020,20:15,Aston Villa,Arsenal,1,0,H
E0,22/07/2020,18:00,Man United,West Ham,1,1,D
E0,22/07/2020,20:15,Liverpool,Chelsea,5,3,H
E0,26/07/2020,16:00,Arsenal,Watford,3,2,H
E0,26/07/2020,16:00,Burnley,Brighton,1,2,A
E0,26/07/2020,16:00,Crystal Palace,Tottenham,1,1,D
E0,26/07/2020,16:00,Everton,Bournemouth,1,3,A
E0,26/07/2020,16:00,Leicester,Man United,0,2,A
E0,26/07/2020,16:00,Newcastle,Liverpool,1,3,A
E0,26/07/2020,16:00,West Ham,Aston Villa,1,1,D
E0,10/08/2018,00:00,Man United,Leicester,2,1,H
E0,11/08/2018,00:00,Fulham,Crystal Palace,0,2,A
E0,11/08/2018,00:00,Newcastle,Tottenham,1,2,A
E0,11/08/2018,00:00,Watford,Brighton,2,0,H
E0,12/08/2018,00:00,Arsenal,Man City,0,2,A
E0,12/08/2018,00:00,Liverpool,West Ham,4,0,H
E0,12/08/2018,00:00,Southampton,Burnley,0,0,D
E0,18/08/2018,00:00,Chelsea,Arsenal,3,2,H
E0,18/08/2018,00:00,Everton,Southampton,2,1,H
E0,18/08/2018,00:00,Tottenham,Fulham,3,1,H
E0,18/08/2018,00:00,West Ham,Bournemouth,1,2,A
E0,19/08/2018,00:00,Brighton,Man United,3,2,H
E0,19/08/2018,00:00,Burnley,Watford,1,3,A
E0,20/08/2018,00:00,Crystal Palace,Liverpool,0,2,A
E0,25/08/2018,00:00,Arsenal,West Ham,3,1,H
E0,25/08/2018,00:00,Bournemouth,Everton,2,2,D
E0,25/08/2018,00:00,Liverpool,Brighton,1,0,H
E0,25/08/2018,00:00,Southampton,Leicester,1,2,A
E0,26/08/2018,00:00,Fulham,Burnley,4,2,H
E0,26/08/2018,00:00,Newcastle,Chelsea,1,2,A
E0,26/08/2018,00:00,Watford,Crystal Palace,2,1,H
E0,27/08/2018,00:00,Man United,Tottenham,0,3,A
E0,01/09/2018,00:00,Brighton,Fulham,2,2,D
E0,01/09/2018,00:00,Chelsea,Bournemouth,2,0,H
E0,01/09/2018,00:00,Crystal Palace,Southampton,0,2,A
E0,01/09/2018,00:00,Leicester,Liverpool,1,2,A
E0,01/09/2018,00:00,Man City,Newcastle,2,1,H
E0,02/09/2018,00:00,Burnley,Man United,0,2,A
E0,02/09/2018,00:00,Watford,Tottenham,2,1,H
E0,15/09/2018,00:00,Bournemouth,Leicester,4,2,H
E0,15/09/2018,00:00,Man City,Fulham,3,0,H
E0,15/09/2018,00:00,Newcastle,Arsenal,1,2,A
E0,15/09/2018,00:00,Tottenham,Liverpool,1,2,A
E0,15/09/2018,00:00,Watford,Man United,1,2,A
E0,16/09/2018,00:00,Everton,West Ham,1,3,A
E0,17/09/2018,00:00,Southampton,Brighton,2,2,D
E0,22/09/2018,00:00,Brighton,Tottenham,1,2,A
E0,22/09/2018,00:00,Burnley,Bournemouth,4,0,H
E0,22/09/2018,00:00,Crystal Palace,Newcastle,0,0,D
E0,22/09/2018,00:00,Fulham,Watford,1,1,D
E0,22/09/2018,00:00,Liverpool,Southampton,3,0,H
E0,23/09/2018,00:00,Arsenal,Everton,2,0,H
E0,23/09/2018,00:00,West Ham,Chelsea,0,0,D
E0,29/09/2018,00:00,Arsenal,Watford,2,0,H
E0,29/09/2018,00:00,Chelsea,Liverpool,1,1,D
E0,29/09/2018,00:00,Everton,Fulham,3,0,H
E0,29/09/2018,00:00,Man City,Brighton,2,0,H
E0,29/09/2018,00:00,Newcastle,Leicester,0,2,A
E0,29/09/2018,00:00,West Ham,Man United,3,1,H
E0,01/10/2018,00:00,Bournemouth,Crystal Palace,2,1,H
E0,05/10/2018,00:00,Brighton,West Ham,1,0,H
E0,06/10/2018,00:00,Leicester,Everton,1,2,A
E0,06/10/2018,00:00,Man United,Newcastle,3,2,H
E0,06/10/2018,00:00,Watford,Bournemouth,0,4,A
E0,07/10/2018,00:00,Fulham,Arsenal,1,5,A
E0,07/10/2018,00:00,Liverpool,Man City,0,0,D
E0,07/10/2018,00:00,Southampton,Chelsea,0,3,A
E0,20/10/2018,00:00,Bournemouth,Southampton,0,0,D
E0,20/10/2018,00:00,Chelsea,Man United,2,2,D
E0,20/10/2018,00:00,Man City,Burnley,5,0,H
E0,20/10/2018,00:00,Newcastle,Brighton,0,1,A
E0,20/10/2018,00:00,West Ham,Tottenham,0,1,A
E0,21/10/2018,00:00,Everton,Crystal Palace,2,0,H
E0,22/10/2018,00:00,Arsenal,Leicester,3,1,H
E0,27/10/2018,00:00,Fulham,Bournemouth,0,3,A
E0,27/10/2018,00:00,Leicester,West Ham,1,1,D
E0,27/10/2018,00:00,Southampton,Newcastle,0,0,D
E0,28/10/2018,00:00,Burnley,Chelsea,0,4,A
E0,28/10/2018,00:00,Crystal Palace,Arsenal,2,2,D
E0,28/10/2018,00:00,Man United,Everton,2,1,H
E0,29/10/2018,00:00,Tottenham,Man City,0,1,A
E0,03/11/2018,00:00,Arsenal,Liverpool,1,1,D
E0,03/11/2018,00:00,Bournemouth,Man United,1,2,A
E0,03/11/2018,00:00,Everton,Brighton,3,1,H
E0,03/11/2018,00:00,Newcastle,Watford,1,0,H
E0,03/11/2018,00:00,West Ham,Burnley,4,2,H
E0,04/11/2018,00:00,Chelsea,Crystal Palace,3,1,H
E0,04/11/2018,00:00,Man City,Southampton,6,1,H
E0,10/11/2018,00:00,Crystal Palace,Tottenham,0,1,A
E0,10/11/2018,00:00,Leicester,Burnley,0,0,D
E0,10/11/2018,00:00,Newcastle,Bournemouth,2,1,H
E0,10/11/2018,00:00,Southampton,Watford,1,1,D
E0,11/11/2018,00:00,Chelsea,Everton,0,0,D
E0,11/11/2018,00:00,Liverpool,Fulham,2,0,H
E0,11/11/2018,00:00,Man City,Man United,3,1,H
E0,24/11/2018,00:00,Brighton,Leicester,1,1,D
E0,24/11/2018,00:00,Fulham,Southampton,3,2,H
E0,24/11/2018,00:00,Man United,Crystal Palace,0,0,D
E0,24/11/2018,00:00,Tottenham,Chelsea,3,1,H
E0,24/11/2018,00:00,Watford,Liverpool,0,3,A
E0,24/11/2018,00:00,West Ham,Man City,0,4,A
E0,25/11/2018,00:00,Bournemouth,Arsenal,1,2,A
E0,26/11/2018,00:00,Burnley,Newcastle,1,2,A
E0,01/12/2018,00:00,Crystal Palace,Burnley,2,0,H
E0,01/12/2018,00:00,Leicester,Watford,2,0,H
E0,01/12/2018,00:00,Man City,Bournemouth,3,1,H
E0,01/12/2018,00:00,Newcastle,West Ham,0,3,A
E0,01/12/2018,00:00,Southampton,Man United,2,2,D
E0,02/12/2018,00:00,Arsenal,Tottenham,4,2,H
E0,02/12/2018,00:00,Chelsea,Fulham,2,0,H
E0,02/12/2018,00:00,Liverpool,Everton,1,0,H
E0,04/12/2018,00:00,Brighton,Crystal Palace,3,1,H
E0,04/12/2018,00:00,Watford,Man City,1,2,A
E0,05/12/2018,00:00,Burnley,Liverpool,1,3,A
E0,05/12/2018,00:00,Everton,Newcastle,1,1,D
E0,05/12/2018,00:00,Fulham,Leicester,1,1,D
E0,05/12/2018,00:00,Man United,Arsenal,2,2,D
E0,05/12/2018,00:00,Tottenham,Southampton,3,1,H
E0,08/12/2018,00:00,Bournemouth,Liverpool,0,4,A
E0,08/12/2018,00:00,Burnley,Brighton,1,0,H
E0,08/12/2018,00:00,Chelsea,Man City,2,0,H
E0,08/12/2018,00:00,Leicester,Tottenham,0,2,A
E0,08/12/2018,00:00,Man United,Fulham,4,1,H
E0,08/12/2018,00:00,West Ham,Crystal Palace,3,2,H
E0,10/12/2018,00:00,Everton,Watford,2,2,D
E0,15/12/2018,00:00,Crystal Palace,Leicester,1,0,H
E0,15/12/2018,00:00,Fulham,West Ham,0,2,A
E0,15/12/2018,00:00,Man City,Everton,3,1,H
E0,15/12/2018,00:00,Tottenham,Burnley,1,0,H
E0,16/12/2018,00:00,Brighton,Chelsea,1,2,A
E0,16/12/2018,00:00,Liverpool,Man United,3,1,H
E0,16/12/2018,00:00,Southampton,Arsenal,3,2,H
E0,22/12/2018,00:00,Arsenal,Burnley,3,1,H
E0,22/12/2018,00:00,Bournemouth,Brighton,2,0,H
E0,22/12/2018,00:00,Chelsea,Leicester,0,1,A
E0,22/12/2018,00:00,Man City,Crystal Palace,2,3,A
E0,22/12/2018,00:00,Newcastle,Fulham,0,0,D
E0,22/12/2018,00:00,West Ham,Watford,0,2,A
E0,23/12/2018,00:00,Everton,Tottenham,2,6,A
E0,26/12/2018,00:00,Brighton,Arsenal,1,1,D
E0,26/12/2018,00:00,Burnley,Everton,1,5,A
E0,26/12/2018,00:00,Leicester,Man City,2,1,H
E0,26/12/2018,00:00,Liverpool,Newcastle,4,0,H
E0,26/12/2018,00:00,Tottenham,Bournemouth,5,0,H
E0,26/12/2018,00:00,Watford,Chelsea,1,2,A
E0,27/12/2018,00:00,Southampton,West Ham,1,2,A
E0,29/12/2018,00:00,Brighton,Everton,1,0,H
E0,29/12/2018,00:00,Liverpool,Arsenal,5,1,H
E0,29/12/2018,00:00,Watford,Newcastle,1,1,D
E0,30/12/2018,00:00,Burnley,West Ham,2,0,H
E0,30/12/2018,00:00,Crystal Palace,Chelsea,0,1,A
E0,30/12/2018,00:00,Man United,Bournemouth,4,1,H
E0,30/12/2018,00:00,Southampton,Man City,1,3,A
E0,01/01/2019,00:00,Arsenal,Fulham,4,1,H
E0,01/01/2019,00:00,Everton,Leicester,0,1,A
E0,02/01/2019,00:00,Bournemouth,Watford,3,3,D
E0,02/01/2019,00:00,Chelsea,Southampton,0,0,D
E0,02/01/2019,00:00,Newcastle,Man United,0,2,A
E0,02/01/2019,00:00,West Ham,Brighton,2,2,D
E0,03/01/2019,00:00,Man City,Liverpool,2,1,H
E0,12/01/2019,00:00,Brighton,Liverpool,0,1,A
E0,12/01/2019,00:00,Burnley,Fulham,2,1,H
E0,12/01/2019,00:00,Chelsea,Newcastle,2,1,H
E0,12/01/2019,00:00,Crystal Palace,Watford,1,2,A
E0,12/01/2019,00:00,Leicester,Southampton,1,2,A
E0,12/01/2019,00:00,West Ham,Arsenal,1,0,H
E0,13/01/2019,00:00,Everton,Bournemouth,2,0,H
E0,13/01/2019,00:00,Tottenham,Man United,0,1,A
E0,19/01/2019,00:00,Arsenal,Chelsea,2,0,H
E0,19/01/2019,00:00,Bournemouth,West Ham,2,0,H
E0,19/01/2019,00:00,Liverpool,Crystal Palace,4,3,H
E0,19/01/2019,00:00,Man United,Brighton,2,1,H
E0,19/01/2019,00:00,Southampton,Everton,2,1,H
E0,19/01/2019,00:00,Watford,Burnley,0,0,D
E0,20/01/2019,00:00,Fulham,Tottenham,1,2,A
E0,29/01/2019,00:00,Fulham,Brighton,4,2,H
E0,29/01/2019,00:00,Man United,Burnley,2,2,D
E0,29/01/2019,00:00,Newcastle,Man City,2,1,H
E0,30/01/2019,00:00,Bournemouth,Chelsea,4,0,H
E0,30/01/2019,00:00,Liverpool,Leicester,1,1,D
E0,30/01/2019,00:00,Southampton,Crystal Palace,1,1,D
E0,30/01/2019,00:00,Tottenham,Watford,2,1,H
E0,02/02/2019,00:00,Brighton,Watford,0,0,D
E0,02/02/2019,00:00,Burnley,Southampton,1,1,D
E0,02/02/2019,00:00,Crystal Palace,Fulham,2,0,H
E0,02/02/2019,00:00,Tottenham,Newcastle,1,0,H
E0,03/02/2019,00:00,Leicester,Man United,0,1,A
E0,03/02/2019,00:00,Man City,Arsenal,3,1,H
E0,04/02/2019,00:00,West Ham,Liverpool,1,1,D
E0,06/02/2019,00:00,Everton,Man City,0,2,A
E0,09/02/2019,00:00,Brighton,Burnley,1,3,A
E0,09/02/2019,00:00,Crystal Palace,West Ham,1,1,D
E0,09/02/2019,00:00,Fulham,Man United,0,3,A
E0,09/02/2019,00:00,Liverpool,Bournemouth,3,0,H
E0,09/02/2019,00:00,Watford,Everton,1,0,H
E0,10/02/2019,00:00,Man City,Chelsea,6,0,H
E0,10/02/2019,00:00,Tottenham,Leicester,3,1,H
E0,22/02/2019,00:00,West Ham,Fulham,3,1,H
E0,23/02/2019,00:00,Burnley,Tottenham,2,1,H
E0,23/02/2019,00:00,Leicester,Crystal Palace,1,4,A
E0,24/02/2019,00:00,Arsenal,Southampton,2,0,H
E0,24/02/2019,00:00,Man United,Liverpool,0,0,D
E0,26/02/2019,00:00,Leicester,Brighton,2,1,H
E0,26/02/2019,00:00,Newcastle,Burnley,2,0,H
E0,27/02/2019,00:00,Arsenal,Bournemouth,5,1,H
E0,27/02/2019,00:00,Chelsea,Tottenham,2,0,H
E0,27/02/2019,00:00,Crystal Palace,Man United,1,3,A
E0,27/02/2019,00:00,Liverpool,Watford,5,0,H
E0,27/02/2019,00:00,Man City,West Ham,1,0,H
E0,27/02/2019,00:00,Southampton,Fulham,2,0,H
E0,02/03/2019,00:00,Bournemouth,Man City,0,1,A
E0,02/03/2019,00:00,Burnley,Crystal Palace,1,3,A
E0,02/03/2019,00:00,Man United,Southampton,3,2,H
E0,02/03/2019,00:00,Tottenham,Arsenal,1,1,D
E0,02/03/2019,00:00,West Ham,Newcastle,2,0,H
E0,03/03/2019,00:00,Everton,Liverpool,0,0,D
E0,03/03/2019,00:00,Fulham,Chelsea,1,2,A
E0,03/03/2019,00:00,Watford,Leicester,2,1,H
E0,09/03/2019,00:00,Crystal Palace,Brighton,1,2,A
E0,09/03/2019,00:00,Leicester,Fulham,3,1,H
E0,09/03/2019,00:00,Man City,Watford,3,1,H
E0,09/03/2019,00:00,Newcastle,Everton,3,2,H
E0,09/03/2019,00:00,Southampton,Tottenham,2,1,H
E0,10/03/2019,00:00,Arsenal,Man United,2,0,H
E0,10/03/2019,00:00,Liverpool,Burnley,4,2,H
E0,16/03/2019,00:00,Bournemouth,Newcastle,2,2,D
E0,16/03/2019,00:00,Burnley,Leicester,1,2,A
E0,17/03/2019,00:00,Everton,Chelsea,2,0,H
E0,17/03/2019,00:00,Fulham,Liverpool,1,2,A
E0,30/03/2019,00:00,Brighton,Southampton,0,1,A
E0,30/03/2019,00:00,Fulham,Man City,0,2,A
E0,30/03/2019,00:00,Leicester,Bournemouth,2,0,H
E0,30/03/2019,00:00,Man United,Watford,2,1,H
E0,30/03/2019,00:00,West Ham,Everton,0,2,A
E0,31/03/2019,00:00,Liverpool,Tottenham,2,1,H
E0,01/04/2019,00:00,Arsenal,Newcastle,2,0,H
E0,02/04/2019,00:00,Watford,Fulham,4,1,H
E0,03/04/2019,00:00,Chelsea,Brighton,3,0,H
E0,03/04/2019,00:00,Tottenham,Crystal Palace,2,0,H
E0,05/04/2019,00:00,Southampton,Liverpool,1,3,A
E0,06/04/2019,00:00,Bournemouth,Burnley,1,3,A
E0,06/04/2019,00:00,Newcastle,Crystal Palace,0,1,A
E0,07/04/2019,00:00,Everton,Arsenal,1,0,H
E0,08/04/2019,00:00,Chelsea,West Ham,2,0,H
E0,12/04/2019,00:00,Leicester,Newcastle,0,1,A
E0,13/04/2019,00:00,Brighton,Bournemouth,0,5,A
E0,13/04/2019,00:00,Fulham,Everton,2,0,H
E0,13/04/2019,00:00,Man United,West Ham,2,1,H
E0,14/04/2019,00:00,Crystal Palace,Man City,1,3,A
E0,14/04/2019,00:00,Liverpool,Chelsea,2,0,H
E0,15/04/2019,00:00,Watford,Arsenal,0,1,A
E0,20/04/2019,00:00,Bournemouth,Fulham,0,1,A
E0,20/04/2019,00:00,Man City,Tottenham,1,0,H
E0,20/04/2019,00:00,Newcastle,Southampton,3,1,H
E0,20/04/2019,00:00,West Ham,Leicester,2,2,D
E0,21/04/2019,00:00,Arsenal,Crystal Palace,2,3,A
E0,21/04/2019,00:00,Everton,Man United,4,0,H
E0,22/04/2019,00:00,Chelsea,Burnley,2,2,D
E0,23/04/2019,00:00,Tottenham,Brighton,1,0,H
E0,23/04/2019,00:00,Watford,Southampton,1,1,D
E0,24/04/2019,00:00,Man United,Man City,0,2,A
E0,27/04/2019,00:00,Brighton,Newcastle,1,1,D
E0,27/04/2019,00:00,Crystal Palace,Everton,0,0,D
E0,27/04/2019,00:00,Southampton,Bournemouth,3,3,D
E0,27/04/2019,00:00,Tottenham,West Ham,0,1,A
E0,28/04/2019,00:00,Burnley,Man City,0,1,A
E0,28/04/2019,00:00,Leicester,Arsenal,3,0,H
E0,28/04/2019,00:00,Man United,Chelsea,1,1,D
E0,03/05/2019,00:00,Everton,Burnley,2,0,H
E0,04/05/2019,00:00,Bournemouth,Tottenham,1,0,H
E0,04/05/2019,00:00,Newcastle,Liverpool,2,3,A
E0,04/05/2019,00:00,West Ham,Southampton,3,0,H
E0,05/05/2019,00:00,Arsenal,Brighton,1,1,D
E0,05/05/2019,00:00,Chelsea,Watford,3,0,H
E0,06/05/2019,00:00,Man City,Leicester,1,0,H
E0,12/05/2019,00:00,Brighton,Man City,1,4,A
E0,12/05/2019,00:00,Burnley,Arsenal,1,3,A
E0,12/05/2019,00:00,Crystal Palace,Bournemouth,5,3,H
E0,12/05/2019,00:00,Fulham,Newcastle,0,4,A
E0,12/05/2019,00:00,Leicester,Chelsea,0,0,D
E0,12/05/2019,00:00,Tottenham,Everton,2,2,D
E0,12/05/2019,00:00,Watford,West Ham,1,4,A
E0,11/08/2017,00:00,Arsenal,Leicester,4,3,H
E0,12/08/2017,00:00,Brighton,Man City,0,2,A
E0,12/08/2017,00:00,Chelsea,Burnley,2,3,A
E0,12/08/2017,00:00,Watford,Liverpool,3,3,D
E0,13/08/2017,00:00,Man United,West Ham,4,0,H
E0,13/08/2017,00:00,Newcastle,Tottenham,0,2,A
E0,19/08/2017,00:00,Bournemouth,Watford,0,2,A
E0,19/08/2017,00:00,Leicester,Brighton,2,0,H
E0,19/08/2017,00:00,Liverpool,Crystal Palace,1,0,H
E0,19/08/2017,00:00,Southampton,West Ham,3,2,H
E0,20/08/2017,00:00,Tottenham,Chelsea,1,2,A
E0,21/08/2017,00:00,Man City,Everton,1,1,D
E0,26/08/2017,00:00,Bournemouth,Man City,1,2,A
E0,26/08/2017,00:00,Man United,Leicester,2,0,H
E0,26/08/2017,00:00,Newcastle,West Ham,3,0,H
E0,26/08/2017,00:00,Watford,Brighton,0,0,D
E0,27/08/2017,00:00,Chelsea,Everton,2,0,H
E0,27/08/2017,00:00,Liverpool,Arsenal,4,0,H
E0,27/08/2017,00:00,Tottenham,Burnley,1,1,D
E0,09/09/2017,00:00,Arsenal,Bournemouth,3,0,H
E0,09/09/2017,00:00,Everton,Tottenham,0,3,A
E0,09/09/2017,00:00,Leicester,Chelsea,1,2,A
E0,09/09/2017,00:00,Man City,Liverpool,5,0,H
E0,09/09/2017,00:00,Southampton,Watford,0,2,A
E0,10/09/2017,00:00,Burnley,Crystal Palace,1,0,H
E0,15/09/2017,00:00,Bournemouth,Brighton,2,1,H
E0,16/09/2017,00:00,Crystal Palace,Southampton,0,1,A
E0,16/09/2017,00:00,Liverpool,Burnley,1,1,D
E0,16/09/2017,00:00,Watford,Man City,0,6,A
E0,17/09/2017,00:00,Chelsea,Arsenal,0,0,D
E0,17/09/2017,00:00,Man United,Everton,4,0,H
E0,23/09/2017,00:00,Everton,Bournemouth,2,1,H
E0,23/09/2017,00:00,Leicester,Liverpool,2,3,A
E0,23/09/2017,00:00,Man City,Crystal Palace,5,0,H
E0,23/09/2017,00:00,Southampton,Man United,0,1,A
E0,23/09/2017,00:00,West Ham,Tottenham,2,3,A
E0,24/09/2017,00:00,Brighton,Newcastle,1,0,H
E0,30/09/2017,00:00,Bournemouth,Leicester,0,0,D
E0,30/09/2017,00:00,Chelsea,Man City,0,1,A
E0,30/09/2017,00:00,Man United,Crystal Palace,4,0,H
E0,01/10/2017,00:00,Arsenal,Brighton,2,0,H
E0,01/10/2017,00:00,Everton,Burnley,0,1,A
E0,01/10/2017,00:00,Newcastle,Liverpool,1,1,D
E0,14/10/2017,00:00,Burnley,West Ham,1,1,D
E0,14/10/2017,00:00,Crystal Palace,Chelsea,2,1,H
E0,14/10/2017,00:00,Liverpool,Man United,0,0,D
E0,14/10/2017,00:00,Tottenham,Bournemouth,1,0,H
E0,14/10/2017,00:00,Watford,Arsenal,2,1,H
E0,15/10/2017,00:00,Brighton,Everton,1,1,D
E0,15/10/2017,00:00,Southampton,Newcastle,2,2,D
E0,20/10/2017,00:00,West Ham,Brighton,0,3,A
E0,21/10/2017,00:00,Chelsea,Watford,4,2,H
E0,21/10/2017,00:00,Man City,Burnley,3,0,H
E0,21/10/2017,00:00,Newcastle,Crystal Palace,1,0,H
E0,22/10/2017,00:00,Everton,Arsenal,2,5,A
E0,22/10/2017,00:00,Tottenham,Liverpool,4,1,H
E0,28/10/2017,00:00,Bournemouth,Chelsea,0,1,A
E0,28/10/2017,00:00,Crystal Palace,West Ham,2,2,D
E0,28/10/2017,00:00,Man United,Tottenham,1,0,H
E0,29/10/2017,00:00,Brighton,Southampton,1,1,D
E0,29/10/2017,00:00,Leicester,Everton,2,0,H
E0,30/10/2017,00:00,Burnley,Newcastle,1,0,H
E0,04/11/2017,00:00,Newcastle,Bournemouth,0,1,A
E0,04/11/2017,00:00,Southampton,Burnley,0,1,A
E0,04/11/2017,00:00,West Ham,Liverpool,1,4,A
E0,05/11/2017,00:00,Chelsea,Man United,1,0,H
E0,05/11/2017,00:00,Everton,Watford,3,2,H
E0,05/11/2017,00:00,Man City,Arsenal,3,1,H
E0,05/11/2017,00:00,Tottenham,Crystal Palace,1,0,H
E0,18/11/2017,00:00,Arsenal,Tottenham,2,0,H
E0,18/11/2017,00:00,Crystal Palace,Everton,2,2,D
E0,18/11/2017,00:00,Leicester,Man City,0,2,A
E0,18/11/2017,00:00,Liverpool,Southampton,3,0,H
E0,18/11/2017,00:00,Man United,Newcastle,4,1,H
E0,19/11/2017,00:00,Watford,West Ham,2,0,H
E0,24/11/2017,00:00,West Ham,Leicester,1,1,D
E0,25/11/2017,00:00,Liverpool,Chelsea,1,1,D
E0,25/11/2017,00:00,Man United,Brighton,1,0,H
E0,25/11/2017,00:00,Newcastle,Watford,0,3,A
E0,26/11/2017,00:00,Burnley,Arsenal,0,1,A
E0,26/11/2017,00:00,Southampton,Everton,4,1,H
E0,28/11/2017,00:00,Brighton,Crystal Palace,0,0,D
E0,28/11/2017,00:00,Leicester,Tottenham,2,1,H
E0,28/11/2017,00:00,Watford,Man United,2,4,A
E0,29/11/2017,00:00,Bournemouth,Burnley,1,2,A
E0,29/11/2017,00:00,Everton,West Ham,4,0,H
E0,29/11/2017,00:00,Man City,Southampton,2,1,H
E0,02/12/2017,00:00,Arsenal,Man United,1,3,A
E0,02/12/2017,00:00,Brighton,Liverpool,1,5,A
E0,02/12/2017,00:00,Chelsea,Newcastle,3,1,H
E0,02/12/2017,00:00,Leicester,Burnley,1,0,H
E0,02/12/2017,00:00,Watford,Tottenham,1,1,D
E0,03/12/2017,00:00,Bournemouth,Southampton,1,1,D
E0,03/12/2017,00:00,Man City,West Ham,2,1,H
E0,09/12/2017,00:00,Burnley,Watford,1,0,H
E0,09/12/2017,00:00,Crystal Palace,Bournemouth,2,2,D
E0,09/12/2017,00:00,Newcastle,Leicester,2,3,A
E0,09/12/2017,00:00,West Ham,Chelsea,1,0,H
E0,10/12/2017,00:00,Liverpool,Everton,1,1,D
E0,10/12/2017,00:00,Man United,Man City,1,2,A
E0,10/12/2017,00:00,Southampton,Arsenal,1,1,D
E0,12/12/2017,00:00,Crystal Palace,Watford,2,1,H
E0,13/12/2017,00:00,Man United,Bournemouth,1,0,H
E0,13/12/2017,00:00,Newcastle,Everton,0,1,A
E0,13/12/2017,00:00,Southampton,Leicester,1,4,A
E0,13/12/2017,00:00,Tottenham,Brighton,2,0,H
E0,13/12/2017,00:00,West Ham,Arsenal,0,0,D
E0,16/12/2017,00:00,Arsenal,Newcastle,1,0,H
E0,16/12/2017,00:00,Brighton,Burnley,0,0,D
E0,16/12/2017,00:00,Chelsea,Southampton,1,0,H
E0,16/12/2017,00:00,Leicester,Crystal Palace,0,3,A
E0,16/12/2017,00:00,Man City,Tottenham,4,1,H
E0,17/12/2017,00:00,Bournemouth,Liverpool,0,4,A
E0,22/12/2017,00:00,Arsenal,Liverpool,3,3,D
E0,23/12/2017,00:00,Brighton,Watford,1,0,H
E0,23/12/2017,00:00,Burnley,Tottenham,0,3,A
E0,23/12/2017,00:00,Everton,Chelsea,0,0,D
E0,23/12/2017,00:00,Leicester,Man United,2,2,D
E0,23/12/2017,00:00,Man City,Bournemouth,4,0,H
E0,23/12/2017,00:00,West Ham,Newcastle,2,3,A
E0,26/12/2017,00:00,Bournemouth,West Ham,3,3,D
E0,26/12/2017,00:00,Chelsea,Brighton,2,0,H
E0,26/12/2017,00:00,Man United,Burnley,2,2,D
E0,26/12/2017,00:00,Tottenham,Southampton,5,2,H
E0,26/12/2017,00:00,Watford,Leicester,2,1,H
E0,27/12/2017,00:00,Newcastle,Man City,0,1,A
E0,28/12/2017,00:00,Crystal Palace,Arsenal,2,3,A
E0,30/12/2017,00:00,Bournemouth,Everton,2,1,H
E0,30/12/2017,00:00,Liverpool,Leicester,2,1,H
E0,30/12/2017,00:00,Man United,Southampton,0,0,D
E0,30/12/2017,00:00,Newcastle,Brighton,0,0,D
E0,31/12/2017,00:00,Crystal Palace,Man City,0,0,D
E0,01/01/2018,00:00,Brighton,Bournemouth,2,2,D
E0,01/01/2018,00:00,Burnley,Liverpool,1,2,A
E0,01/01/2018,00:00,Everton,Man United,0,2,A
E0,02/01/2018,00:00,Man City,Watford,3,1,H
E0,02/01/2018,00:00,Southampton,Crystal Palace,1,2,A
E0,03/01/2018,00:00,Arsenal,Chelsea,2,2,D
E0,04/01/2018,00:00,Tottenham,West Ham,1,1,D
E0,13/01/2018,00:00,Chelsea,Leicester,0,0,D
E0,13/01/2018,00:00,Crystal Palace,Burnley,1,0,H
E0,13/01/2018,00:00,Tottenham,Everton,4,0,H
E0,13/01/2018,00:00,Watford,Southampton,2,2,D
E0,14/01/2018,00:00,Bournemouth,Arsenal,2,1,H
E0,14/01/2018,00:00,Liverpool,Man City,4,3,H
E0,20/01/2018,00:00,Arsenal,Crystal Palace,4,1,H
E0,20/01/2018,00:00,Brighton,Chelsea,0,4,A
E0,20/01/2018,00:00,Burnley,Man United,0,1,A
E0,20/01/2018,00:00,Leicester,Watford,2,0,H
E0,20/01/2018,00:00,Man City,Newcastle,3,1,H
E0,20/01/2018,00:00,West Ham,Bournemouth,1,1,D
E0,21/01/2018,00:00,Southampton,Tottenham,1,1,D
E0,30/01/2018,00:00,West Ham,Crystal Palace,1,1,D
E0,31/01/2018,00:00,Chelsea,Bournemouth,0,3,A
E0,31/01/2018,00:00,Everton,Leicester,2,1,H
E0,31/01/2018,00:00,Newcastle,Burnley,1,1,D
E0,31/01/2018,00:00,Southampton,Brighton,1,1,D
E0,31/01/2018,00:00,Tottenham,Man United,2,0,H
E0,03/02/2018,00:00,Arsenal,Everton,5,1,H
E0,03/02/2018,00:00,Brighton,West Ham,3,1,H
E0,03/02/2018,00:00,Burnley,Man City,1,1,D
E0,04/02/2018,00:00,Crystal Palace,Newcastle,1,1,D
E0,04/02/2018,00:00,Liverpool,Tottenham,2,2,D
E0,05/02/2018,00:00,Watford,Chelsea,4,1,H
E0,10/02/2018,00:00,Everton,Crystal Palace,3,1,H
E0,10/02/2018,00:00,Man City,Leicester,5,1,H
E0,10/02/2018,00:00,Tottenham,Arsenal,1,0,H
E0,10/02/2018,00:00,West Ham,Watford,2,0,H
E0,11/02/2018,00:00,Newcastle,Man United,1,0,H
E0,11/02/2018,00:00,Southampton,Liverpool,0,2,A
E0,24/02/2018,00:00,Bournemouth,Newcastle,2,2,D
E0,24/02/2018,00:00,Burnley,Southampton,1,1,D
E0,24/02/2018,00:00,Liverpool,West Ham,4,1,H
E0,24/02/2018,00:00,Watford,Everton,1,0,H
E0,25/02/2018,00:00,Crystal Palace,Tottenham,0,1,A
E0,25/02/2018,00:00,Man United,Chelsea,2,1,H
E0,01/03/2018,00:00,Arsenal,Man City,0,3,A
E0,03/03/2018,00:00,Burnley,Everton,2,1,H
E0,03/03/2018,00:00,Leicester,Bournemouth,1,1,D
E0,03/03/2018,00:00,Liverpool,Newcastle,2,0,H
E0,04/03/2018,00:00,Brighton,Arsenal,2,1,H
E0,04/03/2018,00:00,Man City,Chelsea,1,0,H
E0,05/03/2018,00:00,Crystal Palace,Man United,2,3,A
E0,10/03/2018,00:00,Chelsea,Crystal Palace,2,1,H
E0,10/03/2018,00:00,Everton,Brighton,2,0,H
E0,10/03/2018,00:00,Man United,Liverpool,2,1,H
E0,10/03/2018,00:00,Newcastle,Southampton,3,0,H
E0,10/03/2018,00:00,West Ham,Burnley,0,3,A
E0,11/03/2018,00:00,Arsenal,Watford,3,0,H
E0,11/03/2018,00:00,Bournemouth,Tottenham,1,4,A
E0,17/03/2018,00:00,Liverpool,Watford,5,0,H
E0,31/03/2018,00:00,Brighton,Leicester,0,2,A
E0,31/03/2018,00:00,Crystal Palace,Liverpool,1,2,A
E0,31/03/2018,00:00,Everton,Man City,1,3,A
E0,31/03/2018,00:00,Watford,Bournemouth,2,2,D
E0,31/03/2018,00:00,West Ham,Southampton,3,0,H
E0,01/04/2018,00:00,Chelsea,Tottenham,1,3,A
E0,07/04/2018,00:00,Bournemouth,Crystal Palace,2,2,D
E0,07/04/2018,00:00,Everton,Liverpool,0,0,D
E0,07/04/2018,00:00,Leicester,Newcastle,1,2,A
E0,07/04/2018,00:00,Man City,Man United,2,3,A
E0,07/04/2018,00:00,Watford,Burnley,1,2,A
E0,08/04/2018,00:00,Arsenal,Southampton,3,2,H
E0,08/04/2018,00:00,Chelsea,West Ham,1,1,D
E0,14/04/2018,00:00,Burnley,Leicester,2,1,H
E0,14/04/2018,00:00,Crystal Palace,Brighton,3,2,H
E0,14/04/2018,00:00,Liverpool,Bournemouth,3,0,H
E0,14/04/2018,00:00,Southampton,Chelsea,2,3,A
E0,14/04/2018,00:00,Tottenham,Man City,1,3,A
E0,15/04/2018,00:00,Newcastle,Arsenal,2,1,H
E0,17/04/2018,00:00,Brighton,Tottenham,1,1,D
E0,18/04/2018,00:00,Bournemouth,Man United,0,2,A
E0,19/04/2018,00:00,Burnley,Chelsea,1,2,A
E0,19/04/2018,00:00,Leicester,Southampton,0,0,D
E0,21/04/2018,00:00,Watford,Crystal Palace,0,0,D
E0,22/04/2018,00:00,Arsenal,West Ham,4,1,H
E0,23/04/2018,00:00,Everton,Newcastle,1,0,H
E0,28/04/2018,00:00,Burnley,Brighton,0,0,D
E0,28/04/2018,00:00,Crystal Palace,Leicester,5,0,H
E0,28/04/2018,00:00,Southampton,Bournemouth,2,1,H
E0,29/04/2018,00:00,Man United,Arsenal,2,1,H
E0,29/04/2018,00:00,West Ham,Man City,1,4,A
E0,30/04/2018,00:00,Tottenham,Watford,2,0,H
E0,04/05/2018,00:00,Brighton,Man United,1,0,H
E0,05/05/2018,00:00,Everton,Southampton,1,1,D
E0,05/05/2018,00:00,Leicester,West Ham,0,2,A
E0,05/05/2018,00:00,Watford,Newcastle,2,1,H
E0,06/05/2018,00:00,Arsenal,Burnley,5,0,H
E0,06/05/2018,00:00,Chelsea,Liverpool,1,0,H
E0,09/05/2018,00:00,Leicester,Arsenal,3,1,H
E0,09/05/2018,00:00,Man City,Brighton,3,1,H
E0,09/05/2018,00:00,Tottenham,Newcastle,1,0,H
E0,10/05/2018,00:00,West Ham,Man United,0,0,D
E0,13/05/2018,00:00,Burnley,Bournemouth,1,2,A
E0,13/05/2018,00:00,Liverpool,Brighton,4,0,H
E0,13/05/2018,00:00,Man United,Watford,1,0,H
E0,13/05/2018,00:00,Newcastle,Chelsea,3,0,H
E0,13/05/2018,00:00,Southampton,Man City,0,1,A
E0,13/05/2018,00:00,Tottenham,Leicester,5,4,H
E0,13/05/2018,00:00,West Ham,Everton,3,1,H